date,geoid,county,state,cases,cases_avg,cases_avg_per_100k,deaths,deaths_avg,deaths_avg_per_100k
1/21/2020,USA-53061,Snohomish,Washington,1,0.14,0.02,0,0,0
1/22/2020,USA-53061,Snohomish,Washington,0,0.14,0.02,0,0,0
1/23/2020,USA-53061,Snohomish,Washington,0,0.14,0.02,0,0,0
1/24/2020,USA-53061,Snohomish,Washington,0,0.14,0.02,0,0,0
1/24/2020,USA-17031,Cook,Illinois,1,0.14,0,0,0,0
1/25/2020,USA-53061,Snohomish,Washington,0,0.14,0.02,0,0,0
1/25/2020,USA-17031,Cook,Illinois,0,0.14,0,0,0,0
1/25/2020,USA-06059,Orange,California,1,0.14,0,0,0,0
1/26/2020,USA-53061,Snohomish,Washington,0,0.14,0.02,0,0,0
1/26/2020,USA-17031,Cook,Illinois,0,0.14,0,0,0,0
1/26/2020,USA-06059,Orange,California,0,0.14,0,0,0,0
1/26/2020,USA-06037,Los Angeles,California,1,0.14,0,0,0,0
1/26/2020,USA-04013,Maricopa,Arizona,1,0.14,0,0,0,0
1/27/2020,USA-53061,Snohomish,Washington,0,0.14,0.02,0,0,0
1/27/2020,USA-17031,Cook,Illinois,0,0.14,0,0,0,0
1/27/2020,USA-06059,Orange,California,0,0.14,0,0,0,0
1/27/2020,USA-06037,Los Angeles,California,0,0.14,0,0,0,0
1/27/2020,USA-04013,Maricopa,Arizona,0,0.14,0,0,0,0
1/28/2020,USA-53061,Snohomish,Washington,0,0,0,0,0,0
1/28/2020,USA-17031,Cook,Illinois,0,0.14,0,0,0,0
1/28/2020,USA-06059,Orange,California,0,0.14,0,0,0,0
1/28/2020,USA-06037,Los Angeles,California,0,0.14,0,0,0,0
1/28/2020,USA-04013,Maricopa,Arizona,0,0.14,0,0,0,0
1/29/2020,USA-53061,Snohomish,Washington,0,0,0,0,0,0
1/29/2020,USA-17031,Cook,Illinois,0,0.14,0,0,0,0
1/29/2020,USA-06059,Orange,California,0,0.14,0,0,0,0
1/29/2020,USA-06037,Los Angeles,California,0,0.14,0,0,0,0
1/29/2020,USA-04013,Maricopa,Arizona,0,0.14,0,0,0,0
1/30/2020,USA-53061,Snohomish,Washington,0,0,0,0,0,0
1/30/2020,USA-17031,Cook,Illinois,1,0.29,0.01,0,0,0
1/30/2020,USA-06059,Orange,California,0,0.14,0,0,0,0
1/30/2020,USA-06037,Los Angeles,California,0,0.14,0,0,0,0
1/30/2020,USA-04013,Maricopa,Arizona,0,0.14,0,0,0,0
1/31/2020,USA-53061,Snohomish,Washington,0,0,0,0,0,0
1/31/2020,USA-17031,Cook,Illinois,0,0.14,0,0,0,0
1/31/2020,USA-06085,Santa Clara,California,1,0.14,0.01,0,0,0
1/31/2020,USA-06059,Orange,California,0,0.14,0,0,0,0
1/31/2020,USA-06037,Los Angeles,California,0,0.14,0,0,0,0
1/31/2020,USA-04013,Maricopa,Arizona,0,0.14,0,0,0,0
2/1/2020,USA-53061,Snohomish,Washington,0,0,0,0,0,0
2/1/2020,USA-25025,Suffolk,Massachusetts,1,0.14,0.02,0,0,0
2/1/2020,USA-17031,Cook,Illinois,0,0.14,0,0,0,0
2/1/2020,USA-06085,Santa Clara,California,0,0.14,0.01,0,0,0
2/1/2020,USA-06059,Orange,California,0,0,0,0,0,0
2/1/2020,USA-06037,Los Angeles,California,0,0.14,0,0,0,0
2/1/2020,USA-04013,Maricopa,Arizona,0,0.14,0,0,0,0
2/2/2020,USA-53061,Snohomish,Washington,0,0,0,0,0,0
2/2/2020,USA-25025,Suffolk,Massachusetts,0,0.14,0.02,0,0,0
2/2/2020,USA-17031,Cook,Illinois,0,0.14,0,0,0,0
2/2/2020,USA-06085,Santa Clara,California,1,0.29,0.01,0,0,0
2/2/2020,USA-06075,San Francisco,California,2,0.29,0.03,0,0,0
2/2/2020,USA-06059,Orange,California,0,0,0,0,0,0
2/2/2020,USA-06037,Los Angeles,California,0,0,0,0,0,0
2/2/2020,USA-04013,Maricopa,Arizona,0,0,0,0,0,0
2/3/2020,USA-53061,Snohomish,Washington,0,0,0,0,0,0
2/3/2020,USA-25025,Suffolk,Massachusetts,0,0.14,0.02,0,0,0
2/3/2020,USA-17031,Cook,Illinois,0,0.14,0,0,0,0
2/3/2020,USA-06085,Santa Clara,California,0,0.29,0.01,0,0,0
2/3/2020,USA-06075,San Francisco,California,0,0.29,0.03,0,0,0
2/3/2020,USA-06059,Orange,California,0,0,0,0,0,0
2/3/2020,USA-06037,Los Angeles,California,0,0,0,0,0,0
2/3/2020,USA-04013,Maricopa,Arizona,0,0,0,0,0,0
2/4/2020,USA-53061,Snohomish,Washington,0,0,0,0,0,0
2/4/2020,USA-25025,Suffolk,Massachusetts,0,0.14,0.02,0,0,0
2/4/2020,USA-17031,Cook,Illinois,0,0.14,0,0,0,0
2/4/2020,USA-06085,Santa Clara,California,0,0.29,0.01,0,0,0
2/4/2020,USA-06075,San Francisco,California,0,0.29,0.03,0,0,0
2/4/2020,USA-06059,Orange,California,0,0,0,0,0,0
2/4/2020,USA-06037,Los Angeles,California,0,0,0,0,0,0
2/4/2020,USA-04013,Maricopa,Arizona,0,0,0,0,0,0
2/5/2020,USA-55025,Dane,Wisconsin,1,0.14,0.03,0,0,0
2/5/2020,USA-53061,Snohomish,Washington,0,0,0,0,0,0
2/5/2020,USA-25025,Suffolk,Massachusetts,0,0.14,0.02,0,0,0
2/5/2020,USA-17031,Cook,Illinois,0,0.14,0,0,0,0
2/5/2020,USA-06085,Santa Clara,California,0,0.29,0.01,0,0,0
2/5/2020,USA-06075,San Francisco,California,0,0.29,0.03,0,0,0
2/5/2020,USA-06059,Orange,California,0,0,0,0,0,0
2/5/2020,USA-06037,Los Angeles,California,0,0,0,0,0,0
2/5/2020,USA-04013,Maricopa,Arizona,0,0,0,0,0,0
2/6/2020,USA-55025,Dane,Wisconsin,0,0.14,0.03,0,0,0
2/6/2020,USA-53061,Snohomish,Washington,0,0,0,0,0,0
2/6/2020,USA-25025,Suffolk,Massachusetts,0,0.14,0.02,0,0,0
2/6/2020,USA-17031,Cook,Illinois,0,0,0,0,0,0
2/6/2020,USA-06085,Santa Clara,California,0,0.29,0.01,0,0,0
2/6/2020,USA-06075,San Francisco,California,0,0.29,0.03,0,0,0
2/6/2020,USA-06059,Orange,California,0,0,0,0,0,0
2/6/2020,USA-06037,Los Angeles,California,0,0,0,0,0,0
2/6/2020,USA-04013,Maricopa,Arizona,0,0,0,0,0,0
2/7/2020,USA-55025,Dane,Wisconsin,0,0.14,0.03,0,0,0
2/7/2020,USA-53061,Snohomish,Washington,0,0,0,0,0,0
2/7/2020,USA-25025,Suffolk,Massachusetts,0,0.14,0.02,0,0,0
2/7/2020,USA-17031,Cook,Illinois,0,0,0,0,0,0
2/7/2020,USA-06085,Santa Clara,California,0,0.14,0.01,0,0,0
2/7/2020,USA-06075,San Francisco,California,0,0.29,0.03,0,0,0
2/7/2020,USA-06059,Orange,California,0,0,0,0,0,0
2/7/2020,USA-06037,Los Angeles,California,0,0,0,0,0,0
2/7/2020,USA-04013,Maricopa,Arizona,0,0,0,0,0,0
2/8/2020,USA-55025,Dane,Wisconsin,0,0.14,0.03,0,0,0
2/8/2020,USA-53061,Snohomish,Washington,0,0,0,0,0,0
2/8/2020,USA-25025,Suffolk,Massachusetts,0,0,0,0,0,0
2/8/2020,USA-17031,Cook,Illinois,0,0,0,0,0,0
2/8/2020,USA-06085,Santa Clara,California,0,0.14,0.01,0,0,0
2/8/2020,USA-06075,San Francisco,California,0,0.29,0.03,0,0,0
2/8/2020,USA-06059,Orange,California,0,0,0,0,0,0
2/8/2020,USA-06037,Los Angeles,California,0,0,0,0,0,0
2/8/2020,USA-04013,Maricopa,Arizona,0,0,0,0,0,0
2/9/2020,USA-55025,Dane,Wisconsin,0,0.14,0.03,0,0,0
2/9/2020,USA-53061,Snohomish,Washington,0,0,0,0,0,0
2/9/2020,USA-25025,Suffolk,Massachusetts,0,0,0,0,0,0
2/9/2020,USA-17031,Cook,Illinois,0,0,0,0,0,0
2/9/2020,USA-06085,Santa Clara,California,0,0,0,0,0,0
2/9/2020,USA-06075,San Francisco,California,0,0,0,0,0,0
2/9/2020,USA-06059,Orange,California,0,0,0,0,0,0
2/9/2020,USA-06037,Los Angeles,California,0,0,0,0,0,0
2/9/2020,USA-04013,Maricopa,Arizona,0,0,0,0,0,0
2/10/2020,USA-55025,Dane,Wisconsin,0,0.14,0.03,0,0,0
2/10/2020,USA-53061,Snohomish,Washington,0,0,0,0,0,0
2/10/2020,USA-25025,Suffolk,Massachusetts,0,0,0,0,0,0
2/10/2020,USA-17031,Cook,Illinois,0,0,0,0,0,0
2/10/2020,USA-06085,Santa Clara,California,0,0,0,0,0,0
2/10/2020,USA-06075,San Francisco,California,0,0,0,0,0,0
2/10/2020,USA-06073,San Diego,California,1,0.14,0,0,0,0
2/10/2020,USA-06059,Orange,California,0,0,0,0,0,0
2/10/2020,USA-06037,Los Angeles,California,0,0,0,0,0,0
2/10/2020,USA-04013,Maricopa,Arizona,0,0,0,0,0,0
2/11/2020,USA-55025,Dane,Wisconsin,0,0.14,0.03,0,0,0
2/11/2020,USA-53061,Snohomish,Washington,0,0,0,0,0,0
2/11/2020,USA-25025,Suffolk,Massachusetts,0,0,0,0,0,0
2/11/2020,USA-17031,Cook,Illinois,0,0,0,0,0,0
2/11/2020,USA-06085,Santa Clara,California,0,0,0,0,0,0
2/11/2020,USA-06075,San Francisco,California,0,0,0,0,0,0
2/11/2020,USA-06073,San Diego,California,0,0.14,0,0,0,0
2/11/2020,USA-06059,Orange,California,0,0,0,0,0,0
2/11/2020,USA-06037,Los Angeles,California,0,0,0,0,0,0
2/11/2020,USA-04013,Maricopa,Arizona,0,0,0,0,0,0
2/12/2020,USA-55025,Dane,Wisconsin,0,0,0,0,0,0
2/12/2020,USA-53061,Snohomish,Washington,0,0,0,0,0,0
2/12/2020,USA-48029,Bexar,Texas,1,0.14,0.01,0,0,0
2/12/2020,USA-25025,Suffolk,Massachusetts,0,0,0,0,0,0
2/12/2020,USA-17031,Cook,Illinois,0,0,0,0,0,0
2/12/2020,USA-06085,Santa Clara,California,0,0,0,0,0,0
2/12/2020,USA-06075,San Francisco,California,0,0,0,0,0,0
2/12/2020,USA-06073,San Diego,California,0,0.14,0,0,0,0
2/12/2020,USA-06059,Orange,California,0,0,0,0,0,0
2/12/2020,USA-06037,Los Angeles,California,0,0,0,0,0,0
2/12/2020,USA-04013,Maricopa,Arizona,0,0,0,0,0,0
2/13/2020,USA-55025,Dane,Wisconsin,0,0,0,0,0,0
2/13/2020,USA-53061,Snohomish,Washington,0,0,0,0,0,0
2/13/2020,USA-48029,Bexar,Texas,1,0.29,0.01,0,0,0
2/13/2020,USA-25025,Suffolk,Massachusetts,0,0,0,0,0,0
2/13/2020,USA-17031,Cook,Illinois,0,0,0,0,0,0
2/13/2020,USA-06085,Santa Clara,California,0,0,0,0,0,0
2/13/2020,USA-06075,San Francisco,California,0,0,0,0,0,0
2/13/2020,USA-06073,San Diego,California,0,0.14,0,0,0,0
2/13/2020,USA-06059,Orange,California,0,0,0,0,0,0
2/13/2020,USA-06037,Los Angeles,California,0,0,0,0,0,0
2/13/2020,USA-04013,Maricopa,Arizona,0,0,0,0,0,0
2/14/2020,USA-55025,Dane,Wisconsin,0,0,0,0,0,0
2/14/2020,USA-53061,Snohomish,Washington,0,0,0,0,0,0
2/14/2020,USA-48029,Bexar,Texas,0,0.29,0.01,0,0,0
2/14/2020,USA-25025,Suffolk,Massachusetts,0,0,0,0,0,0
2/14/2020,USA-17031,Cook,Illinois,0,0,0,0,0,0
2/14/2020,USA-06085,Santa Clara,California,0,0,0,0,0,0
2/14/2020,USA-06075,San Francisco,California,0,0,0,0,0,0
2/14/2020,USA-06073,San Diego,California,0,0.14,0,0,0,0
2/14/2020,USA-06059,Orange,California,0,0,0,0,0,0
2/14/2020,USA-06037,Los Angeles,California,0,0,0,0,0,0
2/14/2020,USA-04013,Maricopa,Arizona,0,0,0,0,0,0
2/15/2020,USA-55025,Dane,Wisconsin,0,0,0,0,0,0
2/15/2020,USA-53061,Snohomish,Washington,0,0,0,0,0,0
2/15/2020,USA-48029,Bexar,Texas,0,0.29,0.01,0,0,0
2/15/2020,USA-25025,Suffolk,Massachusetts,0,0,0,0,0,0
2/15/2020,USA-17031,Cook,Illinois,0,0,0,0,0,0
2/15/2020,USA-06085,Santa Clara,California,0,0,0,0,0,0
2/15/2020,USA-06075,San Francisco,California,0,0,0,0,0,0
2/15/2020,USA-06073,San Diego,California,0,0.14,0,0,0,0
2/15/2020,USA-06059,Orange,California,0,0,0,0,0,0
2/15/2020,USA-06037,Los Angeles,California,0,0,0,0,0,0
2/15/2020,USA-04013,Maricopa,Arizona,0,0,0,0,0,0
2/16/2020,USA-55025,Dane,Wisconsin,0,0,0,0,0,0
2/16/2020,USA-53061,Snohomish,Washington,0,0,0,0,0,0
2/16/2020,USA-48029,Bexar,Texas,0,0.29,0.01,0,0,0
2/16/2020,USA-25025,Suffolk,Massachusetts,0,0,0,0,0,0
2/16/2020,USA-17031,Cook,Illinois,0,0,0,0,0,0
2/16/2020,USA-06085,Santa Clara,California,0,0,0,0,0,0
2/16/2020,USA-06075,San Francisco,California,0,0,0,0,0,0
2/16/2020,USA-06073,San Diego,California,0,0.14,0,0,0,0
2/16/2020,USA-06059,Orange,California,0,0,0,0,0,0
2/16/2020,USA-06037,Los Angeles,California,0,0,0,0,0,0
2/16/2020,USA-04013,Maricopa,Arizona,0,0,0,0,0,0
2/17/2020,USA-55025,Dane,Wisconsin,0,0,0,0,0,0
2/17/2020,USA-53061,Snohomish,Washington,0,0,0,0,0,0
2/17/2020,USA-48029,Bexar,Texas,0,0.29,0.01,0,0,0
2/17/2020,USA-31055,Douglas,Nebraska,10,1.43,0.25,0,0,0
2/17/2020,USA-25025,Suffolk,Massachusetts,0,0,0,0,0,0
2/17/2020,USA-17031,Cook,Illinois,0,0,0,0,0,0
2/17/2020,USA-06085,Santa Clara,California,0,0,0,0,0,0
2/17/2020,USA-06075,San Francisco,California,0,0,0,0,0,0
2/17/2020,USA-06073,San Diego,California,0,0,0,0,0,0
2/17/2020,USA-06059,Orange,California,0,0,0,0,0,0
2/17/2020,USA-06037,Los Angeles,California,0,0,0,0,0,0
2/17/2020,USA-04013,Maricopa,Arizona,0,0,0,0,0,0
2/18/2020,USA-55025,Dane,Wisconsin,0,0,0,0,0,0
2/18/2020,USA-53061,Snohomish,Washington,0,0,0,0,0,0
2/18/2020,USA-48029,Bexar,Texas,0,0.29,0.01,0,0,0
2/18/2020,USA-31055,Douglas,Nebraska,0,1.43,0.25,0,0,0
2/18/2020,USA-25025,Suffolk,Massachusetts,0,0,0,0,0,0
2/18/2020,USA-17031,Cook,Illinois,0,0,0,0,0,0
2/18/2020,USA-06085,Santa Clara,California,0,0,0,0,0,0
2/18/2020,USA-06075,San Francisco,California,0,0,0,0,0,0
2/18/2020,USA-06073,San Diego,California,0,0,0,0,0,0
2/18/2020,USA-06059,Orange,California,0,0,0,0,0,0
2/18/2020,USA-06037,Los Angeles,California,0,0,0,0,0,0
2/18/2020,USA-04013,Maricopa,Arizona,0,0,0,0,0,0
2/19/2020,USA-55025,Dane,Wisconsin,0,0,0,0,0,0
2/19/2020,USA-53061,Snohomish,Washington,0,0,0,0,0,0
2/19/2020,USA-48029,Bexar,Texas,0,0.14,0.01,0,0,0
2/19/2020,USA-31055,Douglas,Nebraska,0,1.43,0.25,0,0,0
2/19/2020,USA-25025,Suffolk,Massachusetts,0,0,0,0,0,0
2/19/2020,USA-17031,Cook,Illinois,0,0,0,0,0,0
2/19/2020,USA-06085,Santa Clara,California,0,0,0,0,0,0
2/19/2020,USA-06075,San Francisco,California,0,0,0,0,0,0
2/19/2020,USA-06073,San Diego,California,0,0,0,0,0,0
2/19/2020,USA-06059,Orange,California,0,0,0,0,0,0
2/19/2020,USA-06037,Los Angeles,California,0,0,0,0,0,0
2/19/2020,USA-04013,Maricopa,Arizona,0,0,0,0,0,0
2/20/2020,USA-55025,Dane,Wisconsin,0,0,0,0,0,0
2/20/2020,USA-53061,Snohomish,Washington,0,0,0,0,0,0
2/20/2020,USA-48029,Bexar,Texas,0,0,0,0,0,0
2/20/2020,USA-31055,Douglas,Nebraska,1,1.57,0.28,0,0,0
2/20/2020,USA-25025,Suffolk,Massachusetts,0,0,0,0,0,0
2/20/2020,USA-17031,Cook,Illinois,0,0,0,0,0,0
2/20/2020,USA-06085,Santa Clara,California,0,0,0,0,0,0
2/20/2020,USA-06075,San Francisco,California,0,0,0,0,0,0
2/20/2020,USA-06073,San Diego,California,0,0,0,0,0,0
2/20/2020,USA-06059,Orange,California,0,0,0,0,0,0
2/20/2020,USA-06037,Los Angeles,California,0,0,0,0,0,0
2/20/2020,USA-06023,Humboldt,California,1,0.14,0.11,0,0,0
2/20/2020,USA-04013,Maricopa,Arizona,0,0,0,0,0,0
2/21/2020,USA-55025,Dane,Wisconsin,0,0,0,0,0,0
2/21/2020,USA-53061,Snohomish,Washington,0,0,0,0,0,0
2/21/2020,USA-48029,Bexar,Texas,2,0.29,0.01,0,0,0
2/21/2020,USA-31055,Douglas,Nebraska,0,1.57,0.28,0,0,0
2/21/2020,USA-25025,Suffolk,Massachusetts,0,0,0,0,0,0
2/21/2020,USA-17031,Cook,Illinois,0,0,0,0,0,0
2/21/2020,USA-06085,Santa Clara,California,0,0,0,0,0,0
2/21/2020,USA-06075,San Francisco,California,0,0,0,0,0,0
2/21/2020,USA-06073,San Diego,California,0,0,0,0,0,0
2/21/2020,USA-06067,Sacramento,California,1,0.14,0.01,0,0,0
2/21/2020,USA-06059,Orange,California,0,0,0,0,0,0
2/21/2020,USA-06037,Los Angeles,California,0,0,0,0,0,0
2/21/2020,USA-06023,Humboldt,California,0,0.14,0.11,0,0,0
2/21/2020,USA-04013,Maricopa,Arizona,0,0,0,0,0,0
2/22/2020,USA-55025,Dane,Wisconsin,0,0,0,0,0,0
2/22/2020,USA-53061,Snohomish,Washington,0,0,0,0,0,0
2/22/2020,USA-48029,Bexar,Texas,0,0.29,0.01,0,0,0
2/22/2020,USA-31055,Douglas,Nebraska,0,1.57,0.28,0,0,0
2/22/2020,USA-25025,Suffolk,Massachusetts,0,0,0,0,0,0
2/22/2020,USA-17031,Cook,Illinois,0,0,0,0,0,0
2/22/2020,USA-06085,Santa Clara,California,0,0,0,0,0,0
2/22/2020,USA-06075,San Francisco,California,0,0,0,0,0,0
2/22/2020,USA-06073,San Diego,California,0,0,0,0,0,0
2/22/2020,USA-06067,Sacramento,California,0,0.14,0.01,0,0,0
2/22/2020,USA-06059,Orange,California,0,0,0,0,0,0
2/22/2020,USA-06037,Los Angeles,California,0,0,0,0,0,0
2/22/2020,USA-06023,Humboldt,California,0,0.14,0.11,0,0,0
2/22/2020,USA-04013,Maricopa,Arizona,0,0,0,0,0,0
2/23/2020,USA-55025,Dane,Wisconsin,0,0,0,0,0,0
2/23/2020,USA-53061,Snohomish,Washington,0,0,0,0,0,0
2/23/2020,USA-48029,Bexar,Texas,0,0.29,0.01,0,0,0
2/23/2020,USA-31055,Douglas,Nebraska,0,1.57,0.28,0,0,0
2/23/2020,USA-25025,Suffolk,Massachusetts,0,0,0,0,0,0
2/23/2020,USA-17031,Cook,Illinois,0,0,0,0,0,0
2/23/2020,USA-06085,Santa Clara,California,0,0,0,0,0,0
2/23/2020,USA-06075,San Francisco,California,0,0,0,0,0,0
2/23/2020,USA-06073,San Diego,California,0,0,0,0,0,0
2/23/2020,USA-06067,Sacramento,California,0,0.14,0.01,0,0,0
2/23/2020,USA-06059,Orange,California,0,0,0,0,0,0
2/23/2020,USA-06037,Los Angeles,California,0,0,0,0,0,0
2/23/2020,USA-06023,Humboldt,California,0,0.14,0.11,0,0,0
2/23/2020,USA-04013,Maricopa,Arizona,0,0,0,0,0,0
2/24/2020,USA-55025,Dane,Wisconsin,0,0,0,0,0,0
2/24/2020,USA-53063,Spokane,Washington,4,0.57,0.11,0,0,0
2/24/2020,USA-53061,Snohomish,Washington,0,0,0,0,0,0
2/24/2020,USA-48029,Bexar,Texas,6,1.14,0.06,0,0,0
2/24/2020,USA-31055,Douglas,Nebraska,1,0.29,0.05,0,0,0
2/24/2020,USA-25025,Suffolk,Massachusetts,0,0,0,0,0,0
2/24/2020,USA-17031,Cook,Illinois,0,0,0,0,0,0
2/24/2020,USA-06095,Solano,California,1,0.14,0.03,0,0,0
2/24/2020,USA-06085,Santa Clara,California,0,0,0,0,0,0
2/24/2020,USA-06075,San Francisco,California,1,0.14,0.02,0,0,0
2/24/2020,USA-06073,San Diego,California,0,0,0,0,0,0
2/24/2020,USA-06067,Sacramento,California,0,0.14,0.01,0,0,0
2/24/2020,USA-06059,Orange,California,0,0,0,0,0,0
2/24/2020,USA-06037,Los Angeles,California,0,0,0,0,0,0
2/24/2020,USA-06023,Humboldt,California,0,0.14,0.11,0,0,0
2/24/2020,USA-04013,Maricopa,Arizona,0,0,0,0,0,0
2/25/2020,USA-55025,Dane,Wisconsin,0,0,0,0,0,0
2/25/2020,USA-53063,Spokane,Washington,0,0.57,0.11,0,0,0
2/25/2020,USA-53061,Snohomish,Washington,0,0,0,0,0,0
2/25/2020,USA-49035,Salt Lake,Utah,1,0.14,0.01,0,0,0
2/25/2020,USA-48029,Bexar,Texas,0,1.14,0.06,0,0,0
2/25/2020,USA-31055,Douglas,Nebraska,1,0.43,0.08,0,0,0
2/25/2020,USA-25025,Suffolk,Massachusetts,0,0,0,0,0,0
2/25/2020,USA-17031,Cook,Illinois,0,0,0,0,0,0
2/25/2020,USA-06095,Solano,California,0,0.14,0.03,0,0,0
2/25/2020,USA-06085,Santa Clara,California,0,0,0,0,0,0
2/25/2020,USA-06075,San Francisco,California,0,0.14,0.02,0,0,0
2/25/2020,USA-06073,San Diego,California,0,0,0,0,0,0
2/25/2020,USA-06067,Sacramento,California,0,0.14,0.01,0,0,0
2/25/2020,USA-06059,Orange,California,0,0,0,0,0,0
2/25/2020,USA-06037,Los Angeles,California,0,0,0,0,0,0
2/25/2020,USA-06023,Humboldt,California,0,0.14,0.11,0,0,0
2/25/2020,USA-04013,Maricopa,Arizona,0,0,0,0,0,0
2/26/2020,USA-55025,Dane,Wisconsin,0,0,0,0,0,0
2/26/2020,USA-53063,Spokane,Washington,0,0.57,0.11,0,0,0
2/26/2020,USA-53061,Snohomish,Washington,0,0,0,0,0,0
2/26/2020,USA-49035,Salt Lake,Utah,0,0.14,0.01,0,0,0
2/26/2020,USA-48029,Bexar,Texas,0,1.14,0.06,0,0,0
2/26/2020,USA-31055,Douglas,Nebraska,0,0.43,0.08,0,0,0
2/26/2020,USA-25025,Suffolk,Massachusetts,0,0,0,0,0,0
2/26/2020,USA-17031,Cook,Illinois,0,0,0,0,0,0
2/26/2020,USA-06097,Sonoma,California,1,0.14,0.03,0,0,0
2/26/2020,USA-06095,Solano,California,10,1.57,0.35,0,0,0
2/26/2020,USA-06085,Santa Clara,California,0,0,0,0,0,0
2/26/2020,USA-06075,San Francisco,California,0,0.14,0.02,0,0,0
2/26/2020,USA-06073,San Diego,California,0,0,0,0,0,0
2/26/2020,USA-06067,Sacramento,California,2,0.43,0.03,0,0,0
2/26/2020,USA-06059,Orange,California,0,0,0,0,0,0
2/26/2020,USA-06055,Napa,California,1,0.14,0.1,0,0,0
2/26/2020,USA-06041,Marin,California,1,0.14,0.06,0,0,0
2/26/2020,USA-06037,Los Angeles,California,0,0,0,0,0,0
2/26/2020,USA-06023,Humboldt,California,0,0.14,0.11,0,0,0
2/26/2020,USA-04013,Maricopa,Arizona,0,0,0,0,0,0
2/27/2020,USA-55025,Dane,Wisconsin,0,0,0,0,0,0
2/27/2020,USA-53063,Spokane,Washington,0,0.57,0.11,0,0,0
2/27/2020,USA-53061,Snohomish,Washington,0,0,0,0,0,0
2/27/2020,USA-49035,Salt Lake,Utah,0,0.14,0.01,0,0,0
2/27/2020,USA-48029,Bexar,Texas,0,1.14,0.06,0,0,0
2/27/2020,USA-31055,Douglas,Nebraska,0,0.29,0.05,0,0,0
2/27/2020,USA-25025,Suffolk,Massachusetts,0,0,0,0,0,0
2/27/2020,USA-17031,Cook,Illinois,0,0,0,0,0,0
2/27/2020,USA-06097,Sonoma,California,0,0.14,0.03,0,0,0
2/27/2020,USA-06095,Solano,California,0,1.57,0.35,0,0,0
2/27/2020,USA-06085,Santa Clara,California,0,0,0,0,0,0
2/27/2020,USA-06075,San Francisco,California,0,0.14,0.02,0,0,0
2/27/2020,USA-06073,San Diego,California,0,0,0,0,0,0
2/27/2020,USA-06067,Sacramento,California,0,0.43,0.03,0,0,0
2/27/2020,USA-06059,Orange,California,0,0,0,0,0,0
2/27/2020,USA-06055,Napa,California,0,0.14,0.1,0,0,0
2/27/2020,USA-06041,Marin,California,0,0.14,0.06,0,0,0
2/27/2020,USA-06037,Los Angeles,California,0,0,0,0,0,0
2/27/2020,USA-06023,Humboldt,California,0,0,0,0,0,0
2/27/2020,USA-04013,Maricopa,Arizona,0,0,0,0,0,0
2/28/2020,USA-55025,Dane,Wisconsin,0,0,0,0,0,0
2/28/2020,USA-53063,Spokane,Washington,0,0.57,0.11,0,0,0
2/28/2020,USA-53061,Snohomish,Washington,1,0.14,0.02,0,0,0
2/28/2020,USA-53033,King,Washington,1,0.14,0.01,0,0,0
2/28/2020,USA-49035,Salt Lake,Utah,0,0.14,0.01,0,0,0
2/28/2020,USA-48029,Bexar,Texas,1,1,0.05,0,0,0
2/28/2020,USA-41067,Washington,Oregon,1,0.14,0.02,0,0,0
2/28/2020,USA-31055,Douglas,Nebraska,0,0.29,0.05,0,0,0
2/28/2020,USA-25025,Suffolk,Massachusetts,0,0,0,0,0,0
2/28/2020,USA-17031,Cook,Illinois,0,0,0,0,0,0
2/28/2020,USA-06097,Sonoma,California,0,0.14,0.03,0,0,0
2/28/2020,USA-06095,Solano,California,0,1.57,0.35,0,0,0
2/28/2020,USA-06085,Santa Clara,California,1,0.14,0.01,0,0,0
2/28/2020,USA-06075,San Francisco,California,0,0.14,0.02,0,0,0
2/28/2020,USA-06073,San Diego,California,0,0,0,0,0,0
2/28/2020,USA-06067,Sacramento,California,0,0.29,0.02,0,0,0
2/28/2020,USA-06059,Orange,California,0,0,0,0,0,0
2/28/2020,USA-06055,Napa,California,0,0.14,0.1,0,0,0
2/28/2020,USA-06041,Marin,California,0,0.14,0.06,0,0,0
2/28/2020,USA-06037,Los Angeles,California,0,0,0,0,0,0
2/28/2020,USA-06023,Humboldt,California,0,0,0,0,0,0
2/28/2020,USA-04013,Maricopa,Arizona,0,0,0,0,0,0
2/29/2020,USA-55025,Dane,Wisconsin,0,0,0,0,0,0
2/29/2020,USA-53063,Spokane,Washington,0,0.57,0.11,0,0,0
2/29/2020,USA-53061,Snohomish,Washington,0,0.14,0.02,0,0,0
2/29/2020,USA-53033,King,Washington,3,0.57,0.03,1,0.14,0.01
2/29/2020,USA-49035,Salt Lake,Utah,0,0.14,0.01,0,0,0
2/29/2020,USA-48029,Bexar,Texas,0,1,0.05,0,0,0
2/29/2020,USA-41067,Washington,Oregon,0,0.14,0.02,0,0,0
2/29/2020,USA-31055,Douglas,Nebraska,0,0.29,0.05,0,0,0
2/29/2020,USA-25025,Suffolk,Massachusetts,0,0,0,0,0,0
2/29/2020,USA-17031,Cook,Illinois,1,0.14,0,0,0,0
2/29/2020,USA-06097,Sonoma,California,0,0.14,0.03,0,0,0
2/29/2020,USA-06095,Solano,California,0,1.57,0.35,0,0,0
2/29/2020,USA-06085,Santa Clara,California,1,0.29,0.01,0,0,0
2/29/2020,USA-06075,San Francisco,California,0,0.14,0.02,0,0,0
2/29/2020,USA-06073,San Diego,California,0,0,0,0,0,0
2/29/2020,USA-06067,Sacramento,California,0,0.29,0.02,0,0,0
2/29/2020,USA-06059,Orange,California,0,0,0,0,0,0
2/29/2020,USA-06055,Napa,California,0,0.14,0.1,0,0,0
2/29/2020,USA-06041,Marin,California,0,0.14,0.06,0,0,0
2/29/2020,USA-06037,Los Angeles,California,0,0,0,0,0,0
2/29/2020,USA-06023,Humboldt,California,0,0,0,0,0,0
2/29/2020,USA-04013,Maricopa,Arizona,0,0,0,0,0,0
3/1/2020,USA-55025,Dane,Wisconsin,0,0,0,0,0,0
3/1/2020,USA-53063,Spokane,Washington,0,0.57,0.11,0,0,0
3/1/2020,USA-53061,Snohomish,Washington,0,0.14,0.02,0,0,0
3/1/2020,USA-53033,King,Washington,7,1.57,0.07,2,0.43,0.02
3/1/2020,USA-49035,Salt Lake,Utah,0,0.14,0.01,0,0,0
3/1/2020,USA-48029,Bexar,Texas,0,1,0.05,0,0,0
3/1/2020,USA-44999,Unknown,Rhode Island,2,0.29,,0,0,
3/1/2020,USA-41067,Washington,Oregon,1,0.29,0.05,0,0,0
3/1/2020,USA-36998,New York City,New York,1,0.14,0,0,0,0
3/1/2020,USA-31055,Douglas,Nebraska,0,0.29,0.05,0,0,0
3/1/2020,USA-25025,Suffolk,Massachusetts,0,0,0,0,0,0
3/1/2020,USA-17031,Cook,Illinois,0,0.14,0,0,0,0
3/1/2020,USA-12081,Manatee,Florida,1,0.14,0.04,0,0,0
3/1/2020,USA-12057,Hillsborough,Florida,1,0.14,0.01,0,0,0
3/1/2020,USA-06097,Sonoma,California,0,0.14,0.03,0,0,0
3/1/2020,USA-06095,Solano,California,1,1.71,0.38,0,0,0
3/1/2020,USA-06085,Santa Clara,California,3,0.71,0.04,0,0,0
3/1/2020,USA-06075,San Francisco,California,0,0.14,0.02,0,0,0
3/1/2020,USA-06073,San Diego,California,0,0,0,0,0,0
3/1/2020,USA-06067,Sacramento,California,0,0.29,0.02,0,0,0
3/1/2020,USA-06059,Orange,California,0,0,0,0,0,0
3/1/2020,USA-06055,Napa,California,0,0.14,0.1,0,0,0
3/1/2020,USA-06041,Marin,California,0,0.14,0.06,0,0,0
3/1/2020,USA-06037,Los Angeles,California,0,0,0,0,0,0
3/1/2020,USA-06023,Humboldt,California,0,0,0,0,0,0
3/1/2020,USA-06001,Alameda,California,1,0.14,0.01,0,0,0
3/1/2020,USA-04013,Maricopa,Arizona,0,0,0,0,0,0
3/2/2020,USA-55025,Dane,Wisconsin,0,0,0,0,0,0
3/2/2020,USA-53071,Walla Walla,Washington,1,0.14,0.24,0,0,0
3/2/2020,USA-53063,Spokane,Washington,0,0,0,0,0,0
3/2/2020,USA-53061,Snohomish,Washington,1,0.29,0.03,0,0,0
3/2/2020,USA-53033,King,Washington,4,2.14,0.1,3,0.86,0.04
3/2/2020,USA-49035,Salt Lake,Utah,0,0.14,0.01,0,0,0
3/2/2020,USA-48029,Bexar,Texas,0,0.14,0.01,0,0,0
3/2/2020,USA-44999,Unknown,Rhode Island,0,0.29,,0,0,
3/2/2020,USA-41067,Washington,Oregon,0,0.29,0.05,0,0,0
3/2/2020,USA-36998,New York City,New York,0,0.14,0,0,0,0
3/2/2020,USA-33009,Grafton,New Hampshire,1,0.14,0.16,0,0,0
3/2/2020,USA-31055,Douglas,Nebraska,0,0.14,0.03,0,0,0
3/2/2020,USA-25025,Suffolk,Massachusetts,0,0,0,0,0,0
3/2/2020,USA-25021,Norfolk,Massachusetts,1,0.14,0.02,0,0,0
3/2/2020,USA-17031,Cook,Illinois,1,0.29,0.01,0,0,0
3/2/2020,USA-13121,Fulton,Georgia,2,0.29,0.03,0,0,0
3/2/2020,USA-12081,Manatee,Florida,0,0.14,0.04,0,0,0
3/2/2020,USA-12057,Hillsborough,Florida,0,0.14,0.01,0,0,0
3/2/2020,USA-06097,Sonoma,California,1,0.29,0.06,0,0,0
3/2/2020,USA-06095,Solano,California,0,1.57,0.35,0,0,0
3/2/2020,USA-06085,Santa Clara,California,2,1,0.05,0,0,0
3/2/2020,USA-06081,San Mateo,California,1,0.14,0.02,0,0,0
3/2/2020,USA-06075,San Francisco,California,0,0,0,0,0,0
3/2/2020,USA-06073,San Diego,California,0,0,0,0,0,0
3/2/2020,USA-06067,Sacramento,California,0,0.29,0.02,0,0,0
3/2/2020,USA-06061,Placer,California,1,0.14,0.04,0,0,0
3/2/2020,USA-06059,Orange,California,0,0,0,0,0,0
3/2/2020,USA-06055,Napa,California,0,0.14,0.1,0,0,0
3/2/2020,USA-06041,Marin,California,0,0.14,0.06,0,0,0
3/2/2020,USA-06037,Los Angeles,California,0,0,0,0,0,0
3/2/2020,USA-06023,Humboldt,California,0,0,0,0,0,0
3/2/2020,USA-06001,Alameda,California,0,0.14,0.01,0,0,0
3/2/2020,USA-04013,Maricopa,Arizona,0,0,0,0,0,0
3/3/2020,USA-55025,Dane,Wisconsin,0,0,0,0,0,0
3/3/2020,USA-53071,Walla Walla,Washington,0,0.14,0.24,0,0,0
3/3/2020,USA-53063,Spokane,Washington,0,0,0,0,0,0
3/3/2020,USA-53061,Snohomish,Washington,2,0.57,0.07,0,0,0
3/3/2020,USA-53033,King,Washington,7,3.14,0.14,4,1.43,0.06
3/3/2020,USA-49035,Salt Lake,Utah,0,0,0,0,0,0
3/3/2020,USA-48029,Bexar,Texas,0,0.14,0.01,0,0,0
3/3/2020,USA-44999,Unknown,Rhode Island,0,0.29,,0,0,
3/3/2020,USA-41067,Washington,Oregon,0,0.29,0.05,0,0,0
3/3/2020,USA-37183,Wake,North Carolina,1,0.14,0.01,0,0,0
3/3/2020,USA-36998,New York City,New York,1,0.29,0,0,0,0
3/3/2020,USA-33009,Grafton,New Hampshire,1,0.29,0.32,0,0,0
3/3/2020,USA-31055,Douglas,Nebraska,0,0,0,0,0,0
3/3/2020,USA-25025,Suffolk,Massachusetts,0,0,0,0,0,0
3/3/2020,USA-25021,Norfolk,Massachusetts,0,0.14,0.02,0,0,0
3/3/2020,USA-17031,Cook,Illinois,0,0.29,0.01,0,0,0
3/3/2020,USA-13121,Fulton,Georgia,0,0.29,0.03,0,0,0
3/3/2020,USA-12081,Manatee,Florida,0,0.14,0.04,0,0,0
3/3/2020,USA-12057,Hillsborough,Florida,1,0.29,0.02,0,0,0
3/3/2020,USA-06097,Sonoma,California,0,0.29,0.06,0,0,0
3/3/2020,USA-06095,Solano,California,0,1.57,0.35,0,0,0
3/3/2020,USA-06085,Santa Clara,California,2,1.29,0.07,0,0,0
3/3/2020,USA-06081,San Mateo,California,0,0.14,0.02,0,0,0
3/3/2020,USA-06075,San Francisco,California,0,0,0,0,0,0
3/3/2020,USA-06073,San Diego,California,0,0,0,0,0,0
3/3/2020,USA-06067,Sacramento,California,0,0.29,0.02,0,0,0
3/3/2020,USA-06061,Placer,California,1,0.29,0.07,0,0,0
3/3/2020,USA-06059,Orange,California,2,0.29,0.01,0,0,0
3/3/2020,USA-06055,Napa,California,0,0.14,0.1,0,0,0
3/3/2020,USA-06041,Marin,California,0,0.14,0.06,0,0,0
3/3/2020,USA-06037,Los Angeles,California,0,0,0,0,0,0
3/3/2020,USA-06023,Humboldt,California,0,0,0,0,0,0
3/3/2020,USA-06013,Contra Costa,California,1,0.14,0.01,0,0,0
3/3/2020,USA-06001,Alameda,California,1,0.29,0.02,0,0,0
3/3/2020,USA-04013,Maricopa,Arizona,1,0.14,0,0,0,0
3/4/2020,USA-55025,Dane,Wisconsin,0,0,0,0,0,0
3/4/2020,USA-53071,Walla Walla,Washington,0,0.14,0.24,0,0,0
3/4/2020,USA-53063,Spokane,Washington,0,0,0,0,0,0
3/4/2020,USA-53061,Snohomish,Washington,3,1,0.12,0,0,0
3/4/2020,USA-53033,King,Washington,11,4.71,0.21,1,1.57,0.07
3/4/2020,USA-53007,Chelan,Washington,1,0.14,0.19,0,0,0
3/4/2020,USA-49035,Salt Lake,Utah,0,0,0,0,0,0
3/4/2020,USA-48157,Fort Bend,Texas,1,0.14,0.02,0,0,0
3/4/2020,USA-48029,Bexar,Texas,0,0.14,0.01,0,0,0
3/4/2020,USA-44999,Unknown,Rhode Island,0,0.29,,0,0,
3/4/2020,USA-41067,Washington,Oregon,0,0.29,0.05,0,0,0
3/4/2020,USA-37183,Wake,North Carolina,0,0.14,0.01,0,0,0
3/4/2020,USA-36998,New York City,New York,0,0.29,0,0,0,0
3/4/2020,USA-36119,Westchester,New York,9,1.29,0.13,0,0,0
3/4/2020,USA-34003,Bergen,New Jersey,1,0.14,0.02,0,0,0
3/4/2020,USA-33009,Grafton,New Hampshire,0,0.29,0.32,0,0,0
3/4/2020,USA-31055,Douglas,Nebraska,0,0,0,0,0,0
3/4/2020,USA-25025,Suffolk,Massachusetts,0,0,0,0,0,0
3/4/2020,USA-25021,Norfolk,Massachusetts,0,0.14,0.02,0,0,0
3/4/2020,USA-17031,Cook,Illinois,0,0.29,0.01,0,0,0
3/4/2020,USA-13121,Fulton,Georgia,0,0.29,0.03,0,0,0
3/4/2020,USA-12081,Manatee,Florida,0,0.14,0.04,0,0,0
3/4/2020,USA-12057,Hillsborough,Florida,0,0.29,0.02,0,0,0
3/4/2020,USA-06097,Sonoma,California,1,0.29,0.06,0,0,0
3/4/2020,USA-06095,Solano,California,0,0.14,0.03,0,0,0
3/4/2020,USA-06085,Santa Clara,California,3,1.71,0.09,0,0,0
3/4/2020,USA-06081,San Mateo,California,0,0.14,0.02,0,0,0
3/4/2020,USA-06075,San Francisco,California,0,0,0,0,0,0
3/4/2020,USA-06073,San Diego,California,0,0,0,0,0,0
3/4/2020,USA-06067,Sacramento,California,0,0,0,0,0,0
3/4/2020,USA-06061,Placer,California,0,0.29,0.07,1,0.14,0.04
3/4/2020,USA-06059,Orange,California,0,0.29,0.01,0,0,0
3/4/2020,USA-06055,Napa,California,0,0,0,0,0,0
3/4/2020,USA-06041,Marin,California,0,0,0,0,0,0
3/4/2020,USA-06037,Los Angeles,California,6,0.86,0.01,0,0,0
3/4/2020,USA-06023,Humboldt,California,0,0,0,0,0,0
3/4/2020,USA-06013,Contra Costa,California,0,0.14,0.01,0,0,0
3/4/2020,USA-06001,Alameda,California,0,0.29,0.02,0,0,0
3/4/2020,USA-04013,Maricopa,Arizona,0,0.14,0,0,0,0
3/5/2020,USA-55025,Dane,Wisconsin,0,0,0,0,0,0
3/5/2020,USA-53071,Walla Walla,Washington,0,0.14,0.24,0,0,0
3/5/2020,USA-53063,Spokane,Washington,0,0,0,0,0,0
3/5/2020,USA-53061,Snohomish,Washington,9,2.29,0.28,0,0,0
3/5/2020,USA-53033,King,Washington,19,7.43,0.33,0,1.57,0.07
3/5/2020,USA-53007,Chelan,Washington,0,0.14,0.19,0,0,0
3/5/2020,USA-49035,Salt Lake,Utah,0,0,0,0,0,0
3/5/2020,USA-48201,Harris,Texas,4,0.57,0.01,0,0,0
3/5/2020,USA-48157,Fort Bend,Texas,0,0.14,0.02,0,0,0
3/5/2020,USA-48029,Bexar,Texas,0,0.14,0.01,0,0,0
3/5/2020,USA-47187,Williamson,Tennessee,1,0.14,0.06,0,0,0
3/5/2020,USA-44999,Unknown,Rhode Island,0,0.29,,0,0,
3/5/2020,USA-41067,Washington,Oregon,0,0.29,0.05,0,0,0
3/5/2020,USA-37183,Wake,North Carolina,0,0.14,0.01,0,0,0
3/5/2020,USA-36998,New York City,New York,2,0.57,0.01,0,0,0
3/5/2020,USA-36119,Westchester,New York,8,2.43,0.25,0,0,0
3/5/2020,USA-36059,Nassau,New York,1,0.14,0.01,0,0,0
3/5/2020,USA-34003,Bergen,New Jersey,1,0.29,0.03,0,0,0
3/5/2020,USA-33009,Grafton,New Hampshire,0,0.29,0.32,0,0,0
3/5/2020,USA-32031,Washoe,Nevada,1,0.14,0.03,0,0,0
3/5/2020,USA-32003,Clark,Nevada,1,0.14,0.01,0,0,0
3/5/2020,USA-31055,Douglas,Nebraska,0,0,0,0,0,0
3/5/2020,USA-25025,Suffolk,Massachusetts,0,0,0,0,0,0
3/5/2020,USA-25021,Norfolk,Massachusetts,0,0.14,0.02,0,0,0
3/5/2020,USA-25017,Middlesex,Massachusetts,1,0.14,0.01,0,0,0
3/5/2020,USA-24031,Montgomery,Maryland,3,0.43,0.04,0,0,0
3/5/2020,USA-17031,Cook,Illinois,1,0.43,0.01,0,0,0
3/5/2020,USA-13121,Fulton,Georgia,0,0.29,0.03,0,0,0
3/5/2020,USA-12113,Santa Rosa,Florida,1,0.14,0.08,0,0,0
3/5/2020,USA-12081,Manatee,Florida,0,0.14,0.04,0,0,0
3/5/2020,USA-12057,Hillsborough,Florida,0,0.29,0.02,0,0,0
3/5/2020,USA-08059,Jefferson,Colorado,1,0.14,0.02,0,0,0
3/5/2020,USA-08035,Douglas,Colorado,1,0.14,0.04,0,0,0
3/5/2020,USA-06097,Sonoma,California,0,0.29,0.06,0,0,0
3/5/2020,USA-06095,Solano,California,0,0.14,0.03,0,0,0
3/5/2020,USA-06085,Santa Clara,California,6,2.57,0.13,0,0,0
3/5/2020,USA-06081,San Mateo,California,0,0.14,0.02,0,0,0
3/5/2020,USA-06075,San Francisco,California,2,0.29,0.03,0,0,0
3/5/2020,USA-06073,San Diego,California,0,0,0,0,0,0
3/5/2020,USA-06067,Sacramento,California,0,0,0,0,0,0
3/5/2020,USA-06061,Placer,California,0,0.29,0.07,0,0.14,0.04
3/5/2020,USA-06059,Orange,California,0,0.29,0.01,0,0,0
3/5/2020,USA-06055,Napa,California,0,0,0,0,0,0
3/5/2020,USA-06041,Marin,California,0,0,0,0,0,0
3/5/2020,USA-06037,Los Angeles,California,4,1.43,0.01,0,0,0
3/5/2020,USA-06023,Humboldt,California,0,0,0,0,0,0
3/5/2020,USA-06013,Contra Costa,California,0,0.14,0.01,0,0,0
3/5/2020,USA-06001,Alameda,California,0,0.29,0.02,0,0,0
3/5/2020,USA-04013,Maricopa,Arizona,0,0.14,0,0,0,0
3/6/2020,USA-55025,Dane,Wisconsin,0,0,0,0,0,0
3/6/2020,USA-53071,Walla Walla,Washington,0,0.14,0.24,0,0,0
3/6/2020,USA-53063,Spokane,Washington,0,0,0,0,0,0
3/6/2020,USA-53061,Snohomish,Washington,1,2.29,0.28,0,0,0
3/6/2020,USA-53053,Pierce,Washington,1,0.14,0.02,0,0,0
3/6/2020,USA-53033,King,Washington,7,8.29,0.37,1,1.71,0.08
3/6/2020,USA-53031,Jefferson,Washington,1,0.14,0.44,0,0,0
3/6/2020,USA-53011,Clark,Washington,1,0.14,0.03,0,0,0
3/6/2020,USA-53007,Chelan,Washington,0,0.14,0.19,0,0,0
3/6/2020,USA-49053,Washington,Utah,1,0.14,0.08,0,0,0
3/6/2020,USA-49035,Salt Lake,Utah,0,0,0,0,0,0
3/6/2020,USA-49011,Davis,Utah,1,0.14,0.04,0,0,0
3/6/2020,USA-48201,Harris,Texas,1,0.71,0.02,0,0,0
3/6/2020,USA-48157,Fort Bend,Texas,2,0.43,0.05,0,0,0
3/6/2020,USA-48029,Bexar,Texas,0,0,0,0,0,0
3/6/2020,USA-47187,Williamson,Tennessee,0,0.14,0.06,0,0,0
3/6/2020,USA-45055,Kershaw,South Carolina,1,0.14,0.21,0,0,0
3/6/2020,USA-45019,Charleston,South Carolina,1,0.14,0.03,0,0,0
3/6/2020,USA-44999,Unknown,Rhode Island,1,0.43,,0,0,
3/6/2020,USA-42127,Wayne,Pennsylvania,1,0.14,0.28,0,0,0
3/6/2020,USA-42045,Delaware,Pennsylvania,1,0.14,0.03,0,0,0
3/6/2020,USA-41067,Washington,Oregon,0,0.14,0.02,0,0,0
3/6/2020,USA-40143,Tulsa,Oklahoma,1,0.14,0.02,0,0,0
3/6/2020,USA-37183,Wake,North Carolina,0,0.14,0.01,0,0,0
3/6/2020,USA-37037,Chatham,North Carolina,1,0.14,0.19,0,0,0
3/6/2020,USA-36998,New York City,New York,1,0.71,0.01,0,0,0
3/6/2020,USA-36119,Westchester,New York,16,4.71,0.49,0,0,0
3/6/2020,USA-36087,Rockland,New York,2,0.29,0.09,0,0,0
3/6/2020,USA-36059,Nassau,New York,3,0.57,0.04,0,0,0
3/6/2020,USA-34007,Camden,New Jersey,1,0.14,0.03,0,0,0
3/6/2020,USA-34003,Bergen,New Jersey,1,0.43,0.05,0,0,0
3/6/2020,USA-33009,Grafton,New Hampshire,0,0.29,0.32,0,0,0
3/6/2020,USA-32031,Washoe,Nevada,0,0.14,0.03,0,0,0
3/6/2020,USA-32003,Clark,Nevada,0,0.14,0.01,0,0,0
3/6/2020,USA-31055,Douglas,Nebraska,1,0.14,0.03,0,0,0
3/6/2020,USA-27123,Ramsey,Minnesota,1,0.14,0.03,0,0,0
3/6/2020,USA-25025,Suffolk,Massachusetts,3,0.43,0.05,0,0,0
3/6/2020,USA-25021,Norfolk,Massachusetts,2,0.43,0.06,0,0,0
3/6/2020,USA-25017,Middlesex,Massachusetts,0,0.14,0.01,0,0,0
3/6/2020,USA-24031,Montgomery,Maryland,0,0.43,0.04,0,0,0
3/6/2020,USA-21067,Fayette,Kentucky,1,0.14,0.04,0,0,0
3/6/2020,USA-18097,Marion,Indiana,1,0.14,0.01,0,0,0
3/6/2020,USA-17031,Cook,Illinois,1,0.57,0.01,0,0,0
3/6/2020,USA-15003,Honolulu,Hawaii,1,0.14,0.01,0,0,0
3/6/2020,USA-13233,Polk,Georgia,1,0.14,0.34,0,0,0
3/6/2020,USA-13121,Fulton,Georgia,0,0.29,0.03,0,0,0
3/6/2020,USA-12113,Santa Rosa,Florida,0,0.14,0.08,1,0.14,0.08
3/6/2020,USA-12081,Manatee,Florida,0,0.14,0.04,0,0,0
3/6/2020,USA-12071,Lee,Florida,1,0.14,0.02,1,0.14,0.02
3/6/2020,USA-12057,Hillsborough,Florida,0,0.29,0.02,0,0,0
3/6/2020,USA-12011,Broward,Florida,2,0.29,0.01,0,0,0
3/6/2020,USA-08059,Jefferson,Colorado,0,0.14,0.02,0,0,0
3/6/2020,USA-08041,El Paso,Colorado,1,0.14,0.02,0,0,0
3/6/2020,USA-08037,Eagle,Colorado,1,0.14,0.26,0,0,0
3/6/2020,USA-08035,Douglas,Colorado,2,0.43,0.12,0,0,0
3/6/2020,USA-08031,Denver,Colorado,2,0.29,0.04,0,0,0
3/6/2020,USA-06113,Yolo,California,1,0.14,0.06,0,0,0
3/6/2020,USA-06097,Sonoma,California,0,0.29,0.06,0,0,0
3/6/2020,USA-06095,Solano,California,0,0.14,0.03,0,0,0
3/6/2020,USA-06085,Santa Clara,California,4,3,0.16,0,0,0
3/6/2020,USA-06081,San Mateo,California,0,0.14,0.02,0,0,0
3/6/2020,USA-06075,San Francisco,California,0,0.29,0.03,0,0,0
3/6/2020,USA-06073,San Diego,California,0,0,0,0,0,0
3/6/2020,USA-06067,Sacramento,California,0,0,0,0,0,0
3/6/2020,USA-06061,Placer,California,3,0.71,0.18,0,0.14,0.04
3/6/2020,USA-06059,Orange,California,0,0.29,0.01,0,0,0
3/6/2020,USA-06055,Napa,California,0,0,0,0,0,0
3/6/2020,USA-06041,Marin,California,0,0,0,0,0,0
3/6/2020,USA-06037,Los Angeles,California,2,1.71,0.02,0,0,0
3/6/2020,USA-06023,Humboldt,California,0,0,0,0,0,0
3/6/2020,USA-06013,Contra Costa,California,3,0.57,0.05,0,0,0
3/6/2020,USA-06001,Alameda,California,1,0.43,0.03,0,0,0
3/6/2020,USA-04021,Pinal,Arizona,1,0.14,0.03,0,0,0
3/6/2020,USA-04013,Maricopa,Arizona,0,0.14,0,0,0,0
3/7/2020,USA-55025,Dane,Wisconsin,0,0,0,0,0,0
3/7/2020,USA-53071,Walla Walla,Washington,0,0.14,0.24,0,0,0
3/7/2020,USA-53063,Spokane,Washington,0,0,0,0,0,0
3/7/2020,USA-53061,Snohomish,Washington,8,3.43,0.42,0,0,0
3/7/2020,USA-53053,Pierce,Washington,2,0.43,0.05,0,0,0
3/7/2020,USA-53037,Kittitas,Washington,1,0.14,0.3,0,0,0
3/7/2020,USA-53033,King,Washington,13,9.71,0.43,4,2.14,0.1
3/7/2020,USA-53031,Jefferson,Washington,0,0.14,0.44,0,0,0
3/7/2020,USA-53011,Clark,Washington,0,0.14,0.03,0,0,0
3/7/2020,USA-53007,Chelan,Washington,0,0.14,0.19,0,0,0
3/7/2020,USA-51059,Fairfax,Virginia,1,0.14,0.01,0,0,0
3/7/2020,USA-50003,Bennington,Vermont,1,0.14,0.4,0,0,0
3/7/2020,USA-49053,Washington,Utah,0,0.14,0.08,0,0,0
3/7/2020,USA-49035,Salt Lake,Utah,0,0,0,0,0,0
3/7/2020,USA-49011,Davis,Utah,0,0.14,0.04,0,0,0
3/7/2020,USA-48201,Harris,Texas,0,0.71,0.02,0,0,0
3/7/2020,USA-48157,Fort Bend,Texas,0,0.43,0.05,0,0,0
3/7/2020,USA-48029,Bexar,Texas,0,0,0,0,0,0
3/7/2020,USA-47187,Williamson,Tennessee,0,0.14,0.06,0,0,0
3/7/2020,USA-45055,Kershaw,South Carolina,0,0.14,0.21,0,0,0
3/7/2020,USA-45019,Charleston,South Carolina,0,0.14,0.03,0,0,0
3/7/2020,USA-44999,Unknown,Rhode Island,0,0.43,,0,0,
3/7/2020,USA-42127,Wayne,Pennsylvania,0,0.14,0.28,0,0,0
3/7/2020,USA-42091,Montgomery,Pennsylvania,2,0.29,0.03,0,0,0
3/7/2020,USA-42045,Delaware,Pennsylvania,0,0.14,0.03,0,0,0
3/7/2020,USA-41067,Washington,Oregon,1,0.29,0.05,0,0,0
3/7/2020,USA-41035,Klamath,Oregon,1,0.14,0.21,0,0,0
3/7/2020,USA-41029,Jackson,Oregon,2,0.29,0.13,0,0,0
3/7/2020,USA-40143,Tulsa,Oklahoma,0,0.14,0.02,0,0,0
3/7/2020,USA-37183,Wake,North Carolina,0,0.14,0.01,0,0,0
3/7/2020,USA-37037,Chatham,North Carolina,0,0.14,0.19,0,0,0
3/7/2020,USA-36998,New York City,New York,7,1.71,0.02,0,0,0
3/7/2020,USA-36119,Westchester,New York,36,9.86,1.02,0,0,0
3/7/2020,USA-36091,Saratoga,New York,2,0.29,0.12,0,0,0
3/7/2020,USA-36087,Rockland,New York,0,0.29,0.09,0,0,0
3/7/2020,USA-36059,Nassau,New York,0,0.57,0.04,0,0,0
3/7/2020,USA-34007,Camden,New Jersey,0,0.14,0.03,0,0,0
3/7/2020,USA-34003,Bergen,New Jersey,0,0.43,0.05,0,0,0
3/7/2020,USA-33015,Rockingham,New Hampshire,1,0.14,0.05,0,0,0
3/7/2020,USA-33009,Grafton,New Hampshire,1,0.43,0.48,0,0,0
3/7/2020,USA-32031,Washoe,Nevada,0,0.14,0.03,0,0,0
3/7/2020,USA-32003,Clark,Nevada,0,0.14,0.01,0,0,0
3/7/2020,USA-31055,Douglas,Nebraska,0,0.14,0.03,0,0,0
3/7/2020,USA-29189,St. Louis,Missouri,1,0.14,0.01,0,0,0
3/7/2020,USA-27123,Ramsey,Minnesota,0,0.14,0.03,0,0,0
3/7/2020,USA-25025,Suffolk,Massachusetts,0,0.43,0.05,0,0,0
3/7/2020,USA-25021,Norfolk,Massachusetts,0,0.43,0.06,0,0,0
3/7/2020,USA-25017,Middlesex,Massachusetts,4,0.71,0.04,0,0,0
3/7/2020,USA-25003,Berkshire,Massachusetts,1,0.14,0.11,0,0,0
3/7/2020,USA-24031,Montgomery,Maryland,0,0.43,0.04,0,0,0
3/7/2020,USA-21067,Fayette,Kentucky,0,0.14,0.04,0,0,0
3/7/2020,USA-20091,Johnson,Kansas,1,0.14,0.02,0,0,0
3/7/2020,USA-18097,Marion,Indiana,0,0.14,0.01,0,0,0
3/7/2020,USA-17031,Cook,Illinois,0,0.43,0.01,0,0,0
3/7/2020,USA-15003,Honolulu,Hawaii,0,0.14,0.01,0,0,0
3/7/2020,USA-13233,Polk,Georgia,0,0.14,0.34,0,0,0
3/7/2020,USA-13135,Gwinnett,Georgia,1,0.14,0.02,0,0,0
3/7/2020,USA-13121,Fulton,Georgia,2,0.57,0.05,0,0,0
3/7/2020,USA-13067,Cobb,Georgia,1,0.14,0.02,0,0,0
3/7/2020,USA-12127,Volusia,Florida,1,0.14,0.03,0,0,0
3/7/2020,USA-12113,Santa Rosa,Florida,0,0.14,0.08,0,0.14,0.08
3/7/2020,USA-12091,Okaloosa,Florida,1,0.14,0.07,0,0,0
3/7/2020,USA-12081,Manatee,Florida,1,0.29,0.07,0,0,0
3/7/2020,USA-12071,Lee,Florida,1,0.29,0.04,0,0.14,0.02
3/7/2020,USA-12057,Hillsborough,Florida,0,0.29,0.02,0,0,0
3/7/2020,USA-12015,Charlotte,Florida,1,0.14,0.08,0,0,0
3/7/2020,USA-12011,Broward,Florida,0,0.29,0.01,0,0,0
3/7/2020,USA-11001,District of Columbia,District of Columbia,1,0.14,0.02,0,0,0
3/7/2020,USA-08059,Jefferson,Colorado,0,0.14,0.02,0,0,0
3/7/2020,USA-08041,El Paso,Colorado,0,0.14,0.02,0,0,0
3/7/2020,USA-08037,Eagle,Colorado,0,0.14,0.26,0,0,0
3/7/2020,USA-08035,Douglas,Colorado,0,0.43,0.12,0,0,0
3/7/2020,USA-08031,Denver,Colorado,0,0.29,0.04,0,0,0
3/7/2020,USA-06113,Yolo,California,0,0.14,0.06,0,0,0
3/7/2020,USA-06097,Sonoma,California,0,0.29,0.06,0,0,0
3/7/2020,USA-06095,Solano,California,0,0.14,0.03,0,0,0
3/7/2020,USA-06087,Santa Cruz,California,1,0.14,0.05,0,0,0
3/7/2020,USA-06085,Santa Clara,California,8,4,0.21,0,0,0
3/7/2020,USA-06081,San Mateo,California,0,0.14,0.02,0,0,0
3/7/2020,USA-06075,San Francisco,California,6,1.14,0.13,0,0,0
3/7/2020,USA-06073,San Diego,California,0,0,0,0,0,0
3/7/2020,USA-06067,Sacramento,California,0,0,0,0,0,0
3/7/2020,USA-06065,Riverside,California,1,0.14,0.01,0,0,0
3/7/2020,USA-06061,Placer,California,0,0.71,0.18,0,0.14,0.04
3/7/2020,USA-06059,Orange,California,0,0.29,0.01,0,0,0
3/7/2020,USA-06055,Napa,California,0,0,0,0,0,0
3/7/2020,USA-06041,Marin,California,0,0,0,0,0,0
3/7/2020,USA-06039,Madera,California,1,0.14,0.09,0,0,0
3/7/2020,USA-06037,Los Angeles,California,1,1.86,0.02,0,0,0
3/7/2020,USA-06023,Humboldt,California,0,0,0,0,0,0
3/7/2020,USA-06019,Fresno,California,1,0.14,0.01,0,0,0
3/7/2020,USA-06013,Contra Costa,California,0,0.57,0.05,0,0,0
3/7/2020,USA-06001,Alameda,California,0,0.43,0.03,0,0,0
3/7/2020,USA-04021,Pinal,Arizona,2,0.43,0.09,0,0,0
3/7/2020,USA-04013,Maricopa,Arizona,0,0.14,0,0,0,0
3/8/2020,USA-55025,Dane,Wisconsin,0,0,0,0,0,0
3/8/2020,USA-53071,Walla Walla,Washington,0,0.14,0.24,0,0,0
3/8/2020,USA-53063,Spokane,Washington,0,0,0,0,0,0
3/8/2020,USA-53061,Snohomish,Washington,10,4.86,0.59,0,0,0
3/8/2020,USA-53053,Pierce,Washington,1,0.57,0.06,0,0,0
3/8/2020,USA-53037,Kittitas,Washington,0,0.14,0.3,0,0,0
3/8/2020,USA-53035,Kitsap,Washington,1,0.14,0.05,0,0,0
3/8/2020,USA-53033,King,Washington,19,11.43,0.51,2,2.14,0.1
3/8/2020,USA-53031,Jefferson,Washington,0,0.14,0.44,0,0,0
3/8/2020,USA-53011,Clark,Washington,0,0.14,0.03,0,0,0
3/8/2020,USA-53007,Chelan,Washington,0,0.14,0.19,1,0.14,0.19
3/8/2020,USA-51059,Fairfax,Virginia,1,0.29,0.02,0,0,0
3/8/2020,USA-50003,Bennington,Vermont,0,0.14,0.4,0,0,0
3/8/2020,USA-49053,Washington,Utah,0,0.14,0.08,0,0,0
3/8/2020,USA-49035,Salt Lake,Utah,0,0,0,0,0,0
3/8/2020,USA-49011,Davis,Utah,0,0.14,0.04,0,0,0
3/8/2020,USA-48201,Harris,Texas,1,0.86,0.02,0,0,0
3/8/2020,USA-48157,Fort Bend,Texas,3,0.86,0.11,0,0,0
3/8/2020,USA-48029,Bexar,Texas,0,0,0,0,0,0
3/8/2020,USA-47187,Williamson,Tennessee,0,0.14,0.06,0,0,0
3/8/2020,USA-47157,Shelby,Tennessee,1,0.14,0.02,0,0,0
3/8/2020,USA-47037,Davidson,Tennessee,1,0.14,0.02,0,0,0
3/8/2020,USA-45083,Spartanburg,South Carolina,1,0.14,0.04,0,0,0
3/8/2020,USA-45055,Kershaw,South Carolina,3,0.57,0.86,0,0,0
3/8/2020,USA-45019,Charleston,South Carolina,0,0.14,0.03,0,0,0
3/8/2020,USA-44999,Unknown,Rhode Island,0,0.14,,0,0,
3/8/2020,USA-42127,Wayne,Pennsylvania,0,0.14,0.28,0,0,0
3/8/2020,USA-42091,Montgomery,Pennsylvania,2,0.57,0.07,0,0,0
3/8/2020,USA-42045,Delaware,Pennsylvania,0,0.14,0.03,0,0,0
3/8/2020,USA-41067,Washington,Oregon,5,0.86,0.14,0,0,0
3/8/2020,USA-41047,Marion,Oregon,1,0.14,0.04,0,0,0
3/8/2020,USA-41035,Klamath,Oregon,0,0.14,0.21,0,0,0
3/8/2020,USA-41029,Jackson,Oregon,0,0.29,0.13,0,0,0
3/8/2020,USA-41019,Douglas,Oregon,1,0.14,0.13,0,0,0
3/8/2020,USA-40143,Tulsa,Oklahoma,0,0.14,0.02,0,0,0
3/8/2020,USA-37183,Wake,North Carolina,0,0.14,0.01,0,0,0
3/8/2020,USA-37037,Chatham,North Carolina,0,0.14,0.19,0,0,0
3/8/2020,USA-36998,New York City,New York,2,1.86,0.02,0,0,0
3/8/2020,USA-36119,Westchester,New York,12,11.57,1.2,0,0,0
3/8/2020,USA-36111,Ulster,New York,1,0.14,0.08,0,0,0
3/8/2020,USA-36103,Suffolk,New York,1,0.14,0.01,0,0,0
3/8/2020,USA-36091,Saratoga,New York,0,0.29,0.12,0,0,0
3/8/2020,USA-36087,Rockland,New York,0,0.29,0.09,0,0,0
3/8/2020,USA-36059,Nassau,New York,1,0.71,0.05,0,0,0
3/8/2020,USA-34031,Passaic,New Jersey,1,0.14,0.03,0,0,0
3/8/2020,USA-34007,Camden,New Jersey,0,0.14,0.03,0,0,0
3/8/2020,USA-34003,Bergen,New Jersey,1,0.57,0.06,0,0,0
3/8/2020,USA-33015,Rockingham,New Hampshire,0,0.14,0.05,0,0,0
3/8/2020,USA-33009,Grafton,New Hampshire,0,0.43,0.48,0,0,0
3/8/2020,USA-32031,Washoe,Nevada,1,0.29,0.06,0,0,0
3/8/2020,USA-32003,Clark,Nevada,1,0.29,0.01,0,0,0
3/8/2020,USA-31055,Douglas,Nebraska,2,0.43,0.08,0,0,0
3/8/2020,USA-29189,St. Louis,Missouri,0,0.14,0.01,0,0,0
3/8/2020,USA-27123,Ramsey,Minnesota,0,0.14,0.03,0,0,0
3/8/2020,USA-27019,Carver,Minnesota,1,0.14,0.14,0,0,0
3/8/2020,USA-25027,Worcester,Massachusetts,1,0.14,0.02,0,0,0
3/8/2020,USA-25025,Suffolk,Massachusetts,5,1.14,0.14,0,0,0
3/8/2020,USA-25021,Norfolk,Massachusetts,4,1,0.14,0,0,0
3/8/2020,USA-25017,Middlesex,Massachusetts,5,1.43,0.09,0,0,0
3/8/2020,USA-25003,Berkshire,Massachusetts,0,0.14,0.11,0,0,0
3/8/2020,USA-24031,Montgomery,Maryland,1,0.57,0.05,0,0,0
3/8/2020,USA-24025,Harford,Maryland,1,0.14,0.06,0,0,0
3/8/2020,USA-21111,Jefferson,Kentucky,1,0.14,0.02,0,0,0
3/8/2020,USA-21097,Harrison,Kentucky,1,0.14,0.76,0,0,0
3/8/2020,USA-21067,Fayette,Kentucky,1,0.29,0.09,0,0,0
3/8/2020,USA-20091,Johnson,Kansas,0,0.14,0.02,0,0,0
3/8/2020,USA-19103,Johnson,Iowa,3,0.43,0.28,0,0,0
3/8/2020,USA-18097,Marion,Indiana,0,0.14,0.01,0,0,0
3/8/2020,USA-18063,Hendricks,Indiana,1,0.14,0.08,0,0,0
3/8/2020,USA-17031,Cook,Illinois,1,0.57,0.01,0,0,0
3/8/2020,USA-15003,Honolulu,Hawaii,1,0.29,0.03,0,0,0
3/8/2020,USA-13233,Polk,Georgia,0,0.14,0.34,0,0,0
3/8/2020,USA-13135,Gwinnett,Georgia,0,0.14,0.02,0,0,0
3/8/2020,USA-13121,Fulton,Georgia,1,0.71,0.07,0,0,0
3/8/2020,USA-13067,Cobb,Georgia,2,0.43,0.06,0,0,0
3/8/2020,USA-13057,Cherokee,Georgia,1,0.14,0.06,0,0,0
3/8/2020,USA-12127,Volusia,Florida,0,0.14,0.03,0,0,0
3/8/2020,USA-12113,Santa Rosa,Florida,0,0.14,0.08,0,0.14,0.08
3/8/2020,USA-12091,Okaloosa,Florida,0,0.14,0.07,0,0,0
3/8/2020,USA-12081,Manatee,Florida,0,0.14,0.04,0,0,0
3/8/2020,USA-12071,Lee,Florida,0,0.29,0.04,0,0.14,0.02
3/8/2020,USA-12057,Hillsborough,Florida,0,0.14,0.01,0,0,0
3/8/2020,USA-12015,Charlotte,Florida,0,0.14,0.08,0,0,0
3/8/2020,USA-12011,Broward,Florida,1,0.43,0.02,0,0,0
3/8/2020,USA-11001,District of Columbia,District of Columbia,0,0.14,0.02,0,0,0
3/8/2020,USA-09001,Fairfield,Connecticut,1,0.14,0.02,0,0,0
3/8/2020,USA-08059,Jefferson,Colorado,0,0.14,0.02,0,0,0
3/8/2020,USA-08041,El Paso,Colorado,0,0.14,0.02,0,0,0
3/8/2020,USA-08037,Eagle,Colorado,0,0.14,0.26,0,0,0
3/8/2020,USA-08035,Douglas,Colorado,0,0.43,0.12,0,0,0
3/8/2020,USA-08031,Denver,Colorado,0,0.29,0.04,0,0,0
3/8/2020,USA-06113,Yolo,California,0,0.14,0.06,0,0,0
3/8/2020,USA-06097,Sonoma,California,0,0.29,0.06,0,0,0
3/8/2020,USA-06095,Solano,California,0,0,0,0,0,0
3/8/2020,USA-06087,Santa Cruz,California,0,0.14,0.05,0,0,0
3/8/2020,USA-06085,Santa Clara,California,5,4.29,0.22,0,0,0
3/8/2020,USA-06081,San Mateo,California,0,0.14,0.02,0,0,0
3/8/2020,USA-06075,San Francisco,California,0,1.14,0.13,0,0,0
3/8/2020,USA-06073,San Diego,California,0,0,0,0,0,0
3/8/2020,USA-06067,Sacramento,California,0,0,0,0,0,0
3/8/2020,USA-06065,Riverside,California,0,0.14,0.01,0,0,0
3/8/2020,USA-06061,Placer,California,2,1,0.25,0,0.14,0.04
3/8/2020,USA-06059,Orange,California,0,0.29,0.01,0,0,0
3/8/2020,USA-06055,Napa,California,0,0,0,0,0,0
3/8/2020,USA-06041,Marin,California,0,0,0,0,0,0
3/8/2020,USA-06039,Madera,California,0,0.14,0.09,0,0,0
3/8/2020,USA-06037,Los Angeles,California,0,1.86,0.02,0,0,0
3/8/2020,USA-06023,Humboldt,California,0,0,0,0,0,0
3/8/2020,USA-06019,Fresno,California,0,0.14,0.01,0,0,0
3/8/2020,USA-06013,Contra Costa,California,5,1.29,0.11,0,0,0
3/8/2020,USA-06001,Alameda,California,0,0.29,0.02,0,0,0
3/8/2020,USA-04021,Pinal,Arizona,0,0.43,0.09,0,0,0
3/8/2020,USA-04013,Maricopa,Arizona,0,0.14,0,0,0,0
3/9/2020,USA-55093,Pierce,Wisconsin,1,0.14,0.33,0,0,0
3/9/2020,USA-55025,Dane,Wisconsin,0,0,0,0,0,0
3/9/2020,USA-53071,Walla Walla,Washington,0,0,0,0,0,0
3/9/2020,USA-53063,Spokane,Washington,0,0,0,0,0,0
3/9/2020,USA-53061,Snohomish,Washington,9,6,0.73,0,0,0
3/9/2020,USA-53053,Pierce,Washington,3,1,0.11,0,0,0
3/9/2020,USA-53037,Kittitas,Washington,0,0.14,0.3,0,0,0
3/9/2020,USA-53035,Kitsap,Washington,0,0.14,0.05,0,0,0
3/9/2020,USA-53033,King,Washington,26,14.57,0.65,3,2.14,0.1
3/9/2020,USA-53031,Jefferson,Washington,0,0.14,0.44,0,0,0
3/9/2020,USA-53011,Clark,Washington,0,0.14,0.03,0,0,0
3/9/2020,USA-53007,Chelan,Washington,0,0.14,0.19,0,0.14,0.19
3/9/2020,USA-51810,Virginia Beach city,Virginia,1,0.14,0.03,0,0,0
3/9/2020,USA-51059,Fairfax,Virginia,2,0.57,0.05,0,0,0
3/9/2020,USA-50003,Bennington,Vermont,0,0.14,0.4,0,0,0
3/9/2020,USA-49053,Washington,Utah,0,0.14,0.08,0,0,0
3/9/2020,USA-49035,Salt Lake,Utah,0,0,0,0,0,0
3/9/2020,USA-49011,Davis,Utah,0,0.14,0.04,0,0,0
3/9/2020,USA-48201,Harris,Texas,0,0.86,0.02,0,0,0
3/9/2020,USA-48157,Fort Bend,Texas,0,0.86,0.11,0,0,0
3/9/2020,USA-48085,Collin,Texas,1,0.14,0.01,0,0,0
3/9/2020,USA-48029,Bexar,Texas,0,0,0,0,0,0
3/9/2020,USA-47187,Williamson,Tennessee,1,0.29,0.12,0,0,0
3/9/2020,USA-47157,Shelby,Tennessee,0,0.14,0.02,0,0,0
3/9/2020,USA-47037,Davidson,Tennessee,0,0.14,0.02,0,0,0
3/9/2020,USA-45083,Spartanburg,South Carolina,0,0.14,0.04,0,0,0
3/9/2020,USA-45055,Kershaw,South Carolina,1,0.71,1.07,0,0,0
3/9/2020,USA-45019,Charleston,South Carolina,0,0.14,0.03,0,0,0
3/9/2020,USA-44999,Unknown,Rhode Island,0,0.14,,0,0,
3/9/2020,USA-42127,Wayne,Pennsylvania,0,0.14,0.28,0,0,0
3/9/2020,USA-42091,Montgomery,Pennsylvania,3,1,0.12,0,0,0
3/9/2020,USA-42089,Monroe,Pennsylvania,1,0.14,0.08,0,0,0
3/9/2020,USA-42045,Delaware,Pennsylvania,0,0.14,0.03,0,0,0
3/9/2020,USA-41067,Washington,Oregon,0,0.86,0.14,0,0,0
3/9/2020,USA-41047,Marion,Oregon,0,0.14,0.04,0,0,0
3/9/2020,USA-41035,Klamath,Oregon,0,0.14,0.21,0,0,0
3/9/2020,USA-41029,Jackson,Oregon,0,0.29,0.13,0,0,0
3/9/2020,USA-41019,Douglas,Oregon,0,0.14,0.13,0,0,0
3/9/2020,USA-40143,Tulsa,Oklahoma,0,0.14,0.02,0,0,0
3/9/2020,USA-39035,Cuyahoga,Ohio,3,0.43,0.03,0,0,0
3/9/2020,USA-37183,Wake,North Carolina,5,0.86,0.08,0,0,0
3/9/2020,USA-37037,Chatham,North Carolina,0,0.14,0.19,0,0,0
3/9/2020,USA-36998,New York City,New York,6,2.71,0.03,0,0,0
3/9/2020,USA-36119,Westchester,New York,16,13.86,1.43,0,0,0
3/9/2020,USA-36111,Ulster,New York,0,0.14,0.08,0,0,0
3/9/2020,USA-36103,Suffolk,New York,0,0.14,0.01,0,0,0
3/9/2020,USA-36091,Saratoga,New York,0,0.29,0.12,0,0,0
3/9/2020,USA-36087,Rockland,New York,2,0.57,0.18,0,0,0
3/9/2020,USA-36059,Nassau,New York,12,2.43,0.18,0,0,0
3/9/2020,USA-34039,Union,New Jersey,1,0.14,0.03,0,0,0
3/9/2020,USA-34031,Passaic,New Jersey,0,0.14,0.03,0,0,0
3/9/2020,USA-34025,Monmouth,New Jersey,2,0.29,0.05,0,0,0
3/9/2020,USA-34017,Hudson,New Jersey,1,0.14,0.02,0,0,0
3/9/2020,USA-34007,Camden,New Jersey,0,0.14,0.03,0,0,0
3/9/2020,USA-34003,Bergen,New Jersey,1,0.71,0.08,0,0,0
3/9/2020,USA-33015,Rockingham,New Hampshire,0,0.14,0.05,0,0,0
3/9/2020,USA-33009,Grafton,New Hampshire,0,0.29,0.32,0,0,0
3/9/2020,USA-32031,Washoe,Nevada,0,0.29,0.06,0,0,0
3/9/2020,USA-32003,Clark,Nevada,0,0.29,0.01,0,0,0
3/9/2020,USA-31055,Douglas,Nebraska,0,0.43,0.08,0,0,0
3/9/2020,USA-29189,St. Louis,Missouri,0,0.14,0.01,0,0,0
3/9/2020,USA-27123,Ramsey,Minnesota,0,0.14,0.03,0,0,0
3/9/2020,USA-27019,Carver,Minnesota,0,0.14,0.14,0,0,0
3/9/2020,USA-25027,Worcester,Massachusetts,0,0.14,0.02,0,0,0
3/9/2020,USA-25025,Suffolk,Massachusetts,1,1.29,0.16,0,0,0
3/9/2020,USA-25021,Norfolk,Massachusetts,3,1.29,0.18,0,0,0
3/9/2020,USA-25017,Middlesex,Massachusetts,5,2.14,0.13,0,0,0
3/9/2020,USA-25003,Berkshire,Massachusetts,4,0.71,0.57,0,0,0
3/9/2020,USA-24033,Prince George's,Maryland,1,0.14,0.02,0,0,0
3/9/2020,USA-24031,Montgomery,Maryland,0,0.57,0.05,0,0,0
3/9/2020,USA-24025,Harford,Maryland,0,0.14,0.06,0,0,0
3/9/2020,USA-22051,Jefferson,Louisiana,1,0.14,0.03,0,0,0
3/9/2020,USA-21111,Jefferson,Kentucky,0,0.14,0.02,0,0,0
3/9/2020,USA-21097,Harrison,Kentucky,0,0.14,0.76,0,0,0
3/9/2020,USA-21067,Fayette,Kentucky,1,0.43,0.13,0,0,0
3/9/2020,USA-20091,Johnson,Kansas,0,0.14,0.02,0,0,0
3/9/2020,USA-19155,Pottawattamie,Iowa,1,0.14,0.15,0,0,0
3/9/2020,USA-19103,Johnson,Iowa,4,1,0.66,0,0,0
3/9/2020,USA-18113,Noble,Indiana,1,0.14,0.3,0,0,0
3/9/2020,USA-18097,Marion,Indiana,0,0.14,0.01,0,0,0
3/9/2020,USA-18063,Hendricks,Indiana,1,0.29,0.17,0,0,0
3/9/2020,USA-17031,Cook,Illinois,4,1,0.02,0,0,0
3/9/2020,USA-15003,Honolulu,Hawaii,0,0.29,0.03,0,0,0
3/9/2020,USA-13233,Polk,Georgia,0,0.14,0.34,0,0,0
3/9/2020,USA-13135,Gwinnett,Georgia,1,0.29,0.03,0,0,0
3/9/2020,USA-13121,Fulton,Georgia,0,0.43,0.04,0,0,0
3/9/2020,USA-13115,Floyd,Georgia,1,0.14,0.15,0,0,0
3/9/2020,USA-13113,Fayette,Georgia,1,0.14,0.12,0,0,0
3/9/2020,USA-13089,DeKalb,Georgia,2,0.29,0.04,0,0,0
3/9/2020,USA-13067,Cobb,Georgia,1,0.57,0.08,0,0,0
3/9/2020,USA-13057,Cherokee,Georgia,0,0.14,0.06,0,0,0
3/9/2020,USA-12127,Volusia,Florida,1,0.29,0.05,0,0,0
3/9/2020,USA-12113,Santa Rosa,Florida,0,0.14,0.08,0,0.14,0.08
3/9/2020,USA-12091,Okaloosa,Florida,0,0.14,0.07,0,0,0
3/9/2020,USA-12081,Manatee,Florida,0,0.14,0.04,0,0,0
3/9/2020,USA-12071,Lee,Florida,0,0.29,0.04,0,0.14,0.02
3/9/2020,USA-12057,Hillsborough,Florida,0,0.14,0.01,0,0,0
3/9/2020,USA-12015,Charlotte,Florida,0,0.14,0.08,0,0,0
3/9/2020,USA-12011,Broward,Florida,0,0.43,0.02,0,0,0
3/9/2020,USA-11001,District of Columbia,District of Columbia,3,0.57,0.08,0,0,0
3/9/2020,USA-09001,Fairfield,Connecticut,1,0.29,0.03,0,0,0
3/9/2020,USA-08069,Larimer,Colorado,1,0.14,0.04,0,0,0
3/9/2020,USA-08059,Jefferson,Colorado,0,0.14,0.02,0,0,0
3/9/2020,USA-08041,El Paso,Colorado,0,0.14,0.02,0,0,0
3/9/2020,USA-08037,Eagle,Colorado,1,0.29,0.52,0,0,0
3/9/2020,USA-08035,Douglas,Colorado,0,0.43,0.12,0,0,0
3/9/2020,USA-08031,Denver,Colorado,1,0.43,0.06,0,0,0
3/9/2020,USA-08005,Arapahoe,Colorado,1,0.14,0.02,0,0,0
3/9/2020,USA-06113,Yolo,California,0,0.14,0.06,0,0,0
3/9/2020,USA-06097,Sonoma,California,0,0.14,0.03,0,0,0
3/9/2020,USA-06095,Solano,California,0,0,0,0,0,0
3/9/2020,USA-06089,Shasta,California,1,0.14,0.08,0,0,0
3/9/2020,USA-06087,Santa Cruz,California,1,0.29,0.1,0,0,0
3/9/2020,USA-06085,Santa Clara,California,6,4.86,0.25,1,0.14,0.01
3/9/2020,USA-06081,San Mateo,California,8,1.14,0.15,0,0,0
3/9/2020,USA-06075,San Francisco,California,5,1.86,0.21,0,0,0
3/9/2020,USA-06073,San Diego,California,1,0.14,0,0,0,0
3/9/2020,USA-06067,Sacramento,California,6,0.86,0.06,0,0,0
3/9/2020,USA-06065,Riverside,California,3,0.57,0.02,0,0,0
3/9/2020,USA-06061,Placer,California,0,0.86,0.22,0,0.14,0.04
3/9/2020,USA-06059,Orange,California,2,0.57,0.02,0,0,0
3/9/2020,USA-06055,Napa,California,0,0,0,0,0,0
3/9/2020,USA-06041,Marin,California,1,0.14,0.06,0,0,0
3/9/2020,USA-06039,Madera,California,0,0.14,0.09,0,0,0
3/9/2020,USA-06037,Los Angeles,California,5,2.57,0.03,0,0,0
3/9/2020,USA-06023,Humboldt,California,0,0,0,0,0,0
3/9/2020,USA-06019,Fresno,California,0,0.14,0.01,0,0,0
3/9/2020,USA-06013,Contra Costa,California,0,1.29,0.11,0,0,0
3/9/2020,USA-06001,Alameda,California,21,3.29,0.2,0,0,0
3/9/2020,USA-04021,Pinal,Arizona,0,0.43,0.09,0,0,0
3/9/2020,USA-04019,Pima,Arizona,1,0.14,0.01,0,0,0
3/9/2020,USA-04013,Maricopa,Arizona,0,0.14,0,0,0,0
3/10/2020,USA-55093,Pierce,Wisconsin,0,0.14,0.33,0,0,0
3/10/2020,USA-55025,Dane,Wisconsin,1,0.14,0.03,0,0,0
3/10/2020,USA-53073,Whatcom,Washington,1,0.14,0.06,0,0,0
3/10/2020,USA-53071,Walla Walla,Washington,0,0,0,0,0,0
3/10/2020,USA-53063,Spokane,Washington,0,0,0,0,0,0
