date,changecolor,cases_avg_per_100k,segmentname
2020-01-21,#030D97,0.02,Stayed Democrat
2020-01-22,#030D97,0.02,Stayed Democrat
2020-01-23,#030D97,0.02,Stayed Democrat
2020-01-24,#030D97,0.01,Stayed Democrat
2020-01-25,#030D97,0.006666666666666667,Stayed Democrat
2020-01-26,#030D97,0.005,Stayed Democrat
2020-01-26,#11A3D6,0.0,To Democrat
2020-01-27,#030D97,0.005,Stayed Democrat
2020-01-27,#11A3D6,0.0,To Democrat
2020-01-28,#030D97,0.0,Stayed Democrat
2020-01-28,#11A3D6,0.0,To Democrat
2020-01-29,#030D97,0.0,Stayed Democrat
2020-01-29,#11A3D6,0.0,To Democrat
2020-01-30,#030D97,0.0025,Stayed Democrat
2020-01-30,#11A3D6,0.0,To Democrat
2020-01-31,#030D97,0.002,Stayed Democrat
2020-01-31,#11A3D6,0.0,To Democrat
2020-02-01,#030D97,0.005,Stayed Democrat
2020-02-01,#11A3D6,0.0,To Democrat
2020-02-02,#030D97,0.008571428571428572,Stayed Democrat
2020-02-02,#11A3D6,0.0,To Democrat
2020-02-03,#030D97,0.008571428571428572,Stayed Democrat
2020-02-03,#11A3D6,0.0,To Democrat
2020-02-04,#030D97,0.008571428571428572,Stayed Democrat
2020-02-04,#11A3D6,0.0,To Democrat
2020-02-05,#030D97,0.01125,Stayed Democrat
2020-02-05,#11A3D6,0.0,To Democrat
2020-02-06,#030D97,0.01125,Stayed Democrat
2020-02-06,#11A3D6,0.0,To Democrat
2020-02-07,#030D97,0.01125,Stayed Democrat
2020-02-07,#11A3D6,0.0,To Democrat
2020-02-08,#030D97,0.00875,Stayed Democrat
2020-02-08,#11A3D6,0.0,To Democrat
2020-02-09,#030D97,0.00375,Stayed Democrat
2020-02-09,#11A3D6,0.0,To Democrat
2020-02-10,#030D97,0.003333333333333333,Stayed Democrat
2020-02-10,#11A3D6,0.0,To Democrat
2020-02-11,#030D97,0.003333333333333333,Stayed Democrat
2020-02-11,#11A3D6,0.0,To Democrat
2020-02-12,#030D97,0.001,Stayed Democrat
2020-02-12,#11A3D6,0.0,To Democrat
2020-02-13,#030D97,0.001,Stayed Democrat
2020-02-13,#11A3D6,0.0,To Democrat
2020-02-14,#030D97,0.001,Stayed Democrat
2020-02-14,#11A3D6,0.0,To Democrat
2020-02-15,#030D97,0.001,Stayed Democrat
2020-02-15,#11A3D6,0.0,To Democrat
2020-02-16,#030D97,0.001,Stayed Democrat
2020-02-16,#11A3D6,0.0,To Democrat
2020-02-17,#030D97,0.023636363636363636,Stayed Democrat
2020-02-17,#11A3D6,0.0,To Democrat
2020-02-18,#030D97,0.023636363636363636,Stayed Democrat
2020-02-18,#11A3D6,0.0,To Democrat
2020-02-19,#030D97,0.023636363636363636,Stayed Democrat
2020-02-19,#11A3D6,0.0,To Democrat
2020-02-20,#030D97,0.0325,Stayed Democrat
2020-02-20,#11A3D6,0.0,To Democrat
2020-02-21,#030D97,0.03153846153846154,Stayed Democrat
2020-02-21,#11A3D6,0.0,To Democrat
2020-02-22,#030D97,0.03153846153846154,Stayed Democrat
2020-02-22,#11A3D6,0.0,To Democrat
2020-02-23,#030D97,0.03153846153846154,Stayed Democrat
2020-02-23,#11A3D6,0.0,To Democrat
2020-02-24,#030D97,0.019999999999999997,Stayed Democrat
2020-02-24,#11A3D6,0.0,To Democrat
2020-02-24,#970D03,0.11,Stayed Republican
2020-02-25,#030D97,0.021333333333333333,Stayed Democrat
2020-02-25,#11A3D6,0.0,To Democrat
2020-02-25,#970D03,0.11,Stayed Republican
2020-02-26,#030D97,0.04722222222222223,Stayed Democrat
2020-02-26,#11A3D6,0.0,To Democrat
2020-02-26,#970D03,0.11,Stayed Republican
2020-02-27,#030D97,0.03944444444444444,Stayed Democrat
2020-02-27,#11A3D6,0.0,To Democrat
2020-02-27,#970D03,0.11,Stayed Republican
2020-02-28,#030D97,0.037500000000000006,Stayed Democrat
2020-02-28,#11A3D6,0.0,To Democrat
2020-02-28,#970D03,0.11,Stayed Republican
2020-02-29,#030D97,0.038500000000000006,Stayed Democrat
2020-02-29,#11A3D6,0.0,To Democrat
2020-02-29,#970D03,0.11,Stayed Republican
2020-03-01,#030D97,0.041818181818181824,Stayed Democrat
2020-03-01,#11A3D6,0.0,To Democrat
2020-03-01,#970D03,0.075,Stayed Republican
2020-03-02,#030D97,0.04346153846153847,Stayed Democrat
2020-03-02,#11A3D6,0.0,To Democrat
2020-03-02,#970D03,0.08,Stayed Republican
2020-03-03,#030D97,0.05,Stayed Democrat
2020-03-03,#11A3D6,0.0,To Democrat
2020-03-03,#970D03,0.0875,Stayed Republican
2020-03-04,#030D97,0.039354838709677424,Stayed Democrat
2020-03-04,#11A3D6,0.0,To Democrat
2020-03-04,#970D03,0.10800000000000001,Stayed Republican
2020-03-05,#030D97,0.048157894736842115,Stayed Democrat
2020-03-05,#11A3D6,0.0,To Democrat
2020-03-05,#970D03,0.09,Stayed Republican
2020-03-06,#030D97,0.06833333333333333,Stayed Democrat
2020-03-06,#11A3D6,0.0,To Democrat
2020-03-06,#970D03,0.11470588235294119,Stayed Republican
2020-03-07,#030D97,0.08015624999999997,Stayed Democrat
2020-03-07,#11A3D6,0.0475,To Democrat
2020-03-07,#556B2F,0.4,To other
2020-03-07,#970D03,0.12374999999999999,Stayed Republican
2020-03-08,#030D97,0.09315068493150684,Stayed Democrat
2020-03-08,#11A3D6,0.046,To Democrat
2020-03-08,#556B2F,0.4,To other
2020-03-08,#970D03,0.15437499999999998,Stayed Republican
2020-03-09,#030D97,0.1196341463414634,Stayed Democrat
2020-03-09,#11A3D6,0.043333333333333335,To Democrat
2020-03-09,#556B2F,0.4,To other
2020-03-09,#970D03,0.1529268292682927,Stayed Republican
2020-03-10,#030D97,0.14408163265306115,Stayed Democrat
2020-03-10,#11A3D6,0.04625,To Democrat
2020-03-10,#556B2F,0.4,To other
2020-03-10,#970D03,0.2569642857142857,Stayed Republican
2020-03-11,#030D97,0.24068376068376085,Stayed Democrat
2020-03-11,#11A3D6,0.05333333333333334,To Democrat
2020-03-11,#556B2F,0.245,To other
2020-03-11,#970D03,0.28189189189189184,Stayed Republican
2020-03-12,#030D97,0.26918518518518536,Stayed Democrat
2020-03-12,#11A3D6,0.09466666666666669,To Democrat
2020-03-12,#556B2F,0.245,To other
2020-03-12,#970D03,0.31289999999999996,Stayed Republican
2020-03-13,#030D97,0.3029936305732488,Stayed Democrat
2020-03-13,#11A3D6,0.18764705882352942,To Democrat
2020-03-13,#556B2F,0.245,To other
2020-03-13,#970D03,0.3095555555555555,Stayed Republican
2020-03-14,#030D97,0.34284090909090914,Stayed Democrat
2020-03-14,#11A3D6,0.23047619047619047,To Democrat
2020-03-14,#556B2F,0.2125,To other
2020-03-14,#970D03,0.3320833333333332,Stayed Republican
2020-03-14,#AB5A68,0.05,To Republican
2020-03-15,#030D97,0.38639593908629427,Stayed Democrat
2020-03-15,#11A3D6,0.24086956521739128,To Democrat
2020-03-15,#556B2F,0.3975,To other
2020-03-15,#970D03,0.34207070707070686,Stayed Republican
2020-03-15,#AB5A68,0.09,To Republican
2020-03-16,#030D97,0.4510194174757282,Stayed Democrat
2020-03-16,#11A3D6,0.27214285714285713,To Democrat
2020-03-16,#556B2F,0.534,To other
2020-03-16,#970D03,0.3622026431718059,Stayed Republican
2020-03-16,#AB5A68,0.14,To Republican
2020-03-17,#030D97,0.5247297297297298,Stayed Democrat
2020-03-17,#11A3D6,0.30312500000000003,To Democrat
2020-03-17,#556B2F,0.568,To other
2020-03-17,#970D03,0.37392727272727283,Stayed Republican
2020-03-17,#AB5A68,0.12,To Republican
2020-03-18,#030D97,0.5898347107438018,Stayed Democrat
2020-03-18,#11A3D6,0.3805405405405405,To Democrat
2020-03-18,#556B2F,0.6380000000000001,To other
2020-03-18,#970D03,0.3998538011695909,Stayed Republican
2020-03-18,#AB5A68,0.23500000000000001,To Republican
2020-03-19,#030D97,0.7713899613899619,Stayed Democrat
2020-03-19,#11A3D6,0.39121951219512185,To Democrat
2020-03-19,#556B2F,0.8360000000000001,To other
2020-03-19,#970D03,0.4899324324324323,Stayed Republican
2020-03-19,#AB5A68,0.29500000000000004,To Republican
2020-03-20,#030D97,0.93013698630137,Stayed Democrat
2020-03-20,#11A3D6,0.4335555555555556,To Democrat
2020-03-20,#556B2F,0.9057142857142857,To other
2020-03-20,#970D03,0.5754727272727271,Stayed Republican
2020-03-20,#AB5A68,0.44,To Republican
2020-03-21,#030D97,1.102686084142395,Stayed Democrat
2020-03-21,#11A3D6,0.55125,To Democrat
2020-03-21,#556B2F,1.0544444444444445,To other
2020-03-21,#970D03,0.6879658385093169,Stayed Republican
2020-03-21,#AB5A68,0.59,To Republican
2020-03-22,#030D97,1.3464150943396231,Stayed Democrat
2020-03-22,#11A3D6,0.7317999999999998,To Democrat
2020-03-22,#556B2F,1.0833333333333333,To other
2020-03-22,#970D03,0.7828649386084583,Stayed Republican
2020-03-22,#AB5A68,0.64,To Republican
2020-03-23,#030D97,1.6583536585365852,Stayed Democrat
2020-03-23,#11A3D6,0.8336,To Democrat
2020-03-23,#556B2F,0.9644444444444447,To other
2020-03-23,#970D03,0.8891925465838505,Stayed Republican
2020-03-23,#AB5A68,0.9366666666666666,To Republican
2020-03-24,#030D97,2.0194345238095237,Stayed Democrat
2020-03-24,#11A3D6,0.8862745098039218,To Democrat
2020-03-24,#556B2F,1.6481818181818184,To other
2020-03-24,#970D03,1.0519130434782613,Stayed Republican
2020-03-24,#AB5A68,1.0883333333333334,To Republican
2020-03-25,#030D97,2.399075630252101,Stayed Democrat
2020-03-25,#11A3D6,0.9205263157894736,To Democrat
2020-03-25,#556B2F,2.079166666666667,To other
2020-03-25,#970D03,1.1517399438727791,Stayed Republican
2020-03-25,#AB5A68,1.2516666666666667,To Republican
2020-03-26,#030D97,2.9375338753387528,Stayed Democrat
2020-03-26,#11A3D6,1.1424137931034484,To Democrat
2020-03-26,#556B2F,2.3516666666666666,To other
2020-03-26,#970D03,1.3298307952622674,Stayed Republican
2020-03-26,#AB5A68,1.4028571428571428,To Republican
2020-03-27,#030D97,3.44608465608466,Stayed Democrat
2020-03-27,#11A3D6,1.3225862068965513,To Democrat
2020-03-27,#556B2F,2.6758333333333333,To other
2020-03-27,#970D03,1.5011068111455106,Stayed Republican
2020-03-27,#AB5A68,1.5375,To Republican
2020-03-28,#030D97,4.01861618798956,Stayed Democrat
2020-03-28,#11A3D6,1.5031034482758623,To Democrat
2020-03-28,#556B2F,2.841666666666667,To other
2020-03-28,#970D03,1.6491516894320621,Stayed Republican
2020-03-28,#AB5A68,1.6725,To Republican
2020-03-29,#030D97,4.346055979643768,Stayed Democrat
2020-03-29,#11A3D6,1.7564406779661021,To Democrat
2020-03-29,#556B2F,3.228333333333333,To other
2020-03-29,#970D03,1.7872987721691667,Stayed Republican
2020-03-29,#AB5A68,2.086666666666667,To Republican
2020-03-30,#030D97,4.89776119402985,Stayed Democrat
2020-03-30,#11A3D6,1.9771666666666665,To Democrat
2020-03-30,#556B2F,3.663333333333334,To other
2020-03-30,#970D03,1.9713688946015417,Stayed Republican
2020-03-30,#AB5A68,2.157777777777778,To Republican
2020-03-31,#030D97,5.596125907990316,Stayed Democrat
2020-03-31,#11A3D6,2.393333333333334,To Democrat
2020-03-31,#556B2F,3.276666666666667,To other
2020-03-31,#970D03,2.2115076923076935,Stayed Republican
2020-03-31,#AB5A68,2.9299999999999997,To Republican
2020-04-01,#030D97,6.089572446555819,Stayed Democrat
2020-04-01,#11A3D6,2.719,To Democrat
2020-04-01,#556B2F,3.103333333333333,To other
2020-04-01,#970D03,2.399880881477072,Stayed Republican
2020-04-01,#AB5A68,3.4122222222222223,To Republican
2020-04-02,#030D97,6.784407582938392,Stayed Democrat
2020-04-02,#11A3D6,2.9558333333333326,To Democrat
2020-04-02,#556B2F,3.198333333333333,To other
2020-04-02,#970D03,2.6110616438356216,Stayed Republican
2020-04-02,#AB5A68,3.1510000000000007,To Republican
2020-04-03,#030D97,7.429788235294114,Stayed Democrat
2020-04-03,#11A3D6,3.1760655737704924,To Democrat
2020-04-03,#556B2F,3.7275000000000005,To other
2020-04-03,#970D03,2.829944720840247,Stayed Republican
2020-04-03,#AB5A68,3.063,To Republican
2020-04-04,#030D97,8.089976689976693,Stayed Democrat
2020-04-04,#11A3D6,3.588524590163935,To Democrat
2020-04-04,#556B2F,4.1000000000000005,To other
2020-04-04,#970D03,3.0670804101457185,Stayed Republican
2020-04-04,#AB5A68,3.806,To Republican
2020-04-05,#030D97,8.426953488372098,Stayed Democrat
2020-04-05,#11A3D6,3.6455737704918048,To Democrat
2020-04-05,#556B2F,4.567500000000001,To other
2020-04-05,#970D03,3.268839427662959,Stayed Republican
2020-04-05,#AB5A68,3.6440000000000006,To Republican
2020-04-06,#030D97,8.7208584686775,Stayed Democrat
2020-04-06,#11A3D6,3.780491803278689,To Democrat
2020-04-06,#556B2F,4.495,To other
2020-04-06,#970D03,3.463226307612632,Stayed Republican
2020-04-06,#AB5A68,3.585454545454546,To Republican
2020-04-07,#030D97,9.52030092592593,Stayed Democrat
2020-04-07,#11A3D6,3.9440983606557385,To Democrat
2020-04-07,#556B2F,4.773076923076923,To other
2020-04-07,#970D03,3.633976814516131,Stayed Republican
2020-04-07,#AB5A68,3.7581818181818183,To Republican
2020-04-08,#030D97,9.682060185185186,Stayed Democrat
2020-04-08,#11A3D6,4.156393442622949,To Democrat
2020-04-08,#556B2F,4.66923076923077,To other
2020-04-08,#970D03,3.725883524141359,Stayed Republican
2020-04-08,#AB5A68,3.5833333333333335,To Republican
2020-04-09,#030D97,9.697816091954023,Stayed Democrat
2020-04-09,#11A3D6,4.275409836065575,To Democrat
2020-04-09,#556B2F,4.886923076923077,To other
2020-04-09,#970D03,3.8335282555282553,Stayed Republican
2020-04-09,#AB5A68,3.965,To Republican
2020-04-10,#030D97,9.717528604118996,Stayed Democrat
2020-04-10,#11A3D6,4.341311475409837,To Democrat
2020-04-10,#556B2F,4.664615384615384,To other
2020-04-10,#970D03,3.8666424418604657,Stayed Republican
2020-04-10,#AB5A68,4.523333333333333,To Republican
2020-04-11,#030D97,9.429727272727268,Stayed Democrat
2020-04-11,#11A3D6,4.151639344262296,To Democrat
2020-04-11,#556B2F,4.764615384615386,To other
2020-04-11,#970D03,3.8402630320420825,Stayed Republican
2020-04-11,#AB5A68,4.45,To Republican
2020-04-12,#030D97,9.554045454545445,Stayed Democrat
2020-04-12,#11A3D6,4.1662295081967216,To Democrat
2020-04-12,#556B2F,4.171538461538462,To other
2020-04-12,#970D03,3.815277382645801,Stayed Republican
2020-04-12,#AB5A68,4.429166666666667,To Republican
2020-04-13,#030D97,9.510181405895684,Stayed Democrat
2020-04-13,#11A3D6,4.1718032786885235,To Democrat
2020-04-13,#556B2F,4.1984615384615385,To other
2020-04-13,#970D03,3.7866666666666675,Stayed Republican
2020-04-13,#AB5A68,4.123333333333334,To Republican
2020-04-14,#030D97,8.802013574660638,Stayed Democrat
2020-04-14,#11A3D6,4.113770491803279,To Democrat
2020-04-14,#556B2F,3.2953846153846156,To other
2020-04-14,#970D03,3.688509840674786,Stayed Republican
2020-04-14,#AB5A68,3.5500000000000007,To Republican
2020-04-15,#030D97,8.716108597285071,Stayed Democrat
2020-04-15,#11A3D6,3.983770491803279,To Democrat
2020-04-15,#556B2F,3.0738461538461532,To other
2020-04-15,#970D03,3.7445949720670355,Stayed Republican
2020-04-15,#AB5A68,3.3441666666666667,To Republican
2020-04-16,#030D97,8.642013574660629,Stayed Democrat
2020-04-16,#11A3D6,3.957868852459017,To Democrat
2020-04-16,#556B2F,2.6007692307692305,To other
2020-04-16,#970D03,3.7283001389532098,Stayed Republican
2020-04-16,#AB5A68,3.5300000000000002,To Republican
2020-04-17,#030D97,8.51839729119639,Stayed Democrat
2020-04-17,#11A3D6,4.056721311475411,To Democrat
2020-04-17,#556B2F,2.0946153846153845,To other
2020-04-17,#970D03,3.7981667434362003,Stayed Republican
2020-04-17,#AB5A68,3.823076923076923,To Republican
2020-04-18,#030D97,8.383175675675677,Stayed Democrat
2020-04-18,#11A3D6,4.177213114754099,To Democrat
2020-04-18,#556B2F,1.7469230769230772,To other
2020-04-18,#970D03,3.864429683921205,Stayed Republican
2020-04-18,#AB5A68,4.176153846153846,To Republican
2020-04-19,#030D97,8.294234234234237,Stayed Democrat
2020-04-19,#11A3D6,4.198032786885245,To Democrat
2020-04-19,#556B2F,1.7230769230769232,To other
2020-04-19,#970D03,4.08671832269826,Stayed Republican
2020-04-19,#AB5A68,4.213846153846154,To Republican
2020-04-20,#030D97,8.366463963963957,Stayed Democrat
2020-04-20,#11A3D6,4.2332786885245905,To Democrat
2020-04-20,#556B2F,1.43,To other
2020-04-20,#970D03,4.25058636363636,Stayed Republican
2020-04-20,#AB5A68,4.64923076923077,To Republican
2020-04-21,#030D97,8.329932432432422,Stayed Democrat
2020-04-21,#11A3D6,4.148524590163935,To Democrat
2020-04-21,#556B2F,1.5400000000000003,To other
2020-04-21,#970D03,4.436930737890449,Stayed Republican
2020-04-21,#AB5A68,4.954615384615384,To Republican
2020-04-22,#030D97,8.376382022471917,Stayed Democrat
2020-04-22,#11A3D6,4.485081967213116,To Democrat
2020-04-22,#556B2F,1.5638461538461539,To other
2020-04-22,#970D03,4.589147111913362,Stayed Republican
2020-04-22,#AB5A68,5.3876923076923084,To Republican
2020-04-23,#030D97,8.430560538116595,Stayed Democrat
2020-04-23,#11A3D6,4.829180327868854,To Democrat
2020-04-23,#556B2F,1.506153846153846,To other
2020-04-23,#970D03,4.945624438454623,Stayed Republican
2020-04-23,#AB5A68,5.510769230769231,To Republican
2020-04-24,#030D97,8.774596412556049,Stayed Democrat
2020-04-24,#11A3D6,5.111639344262296,To Democrat
2020-04-24,#556B2F,1.2876923076923075,To other
2020-04-24,#970D03,5.265060456784588,Stayed Republican
2020-04-24,#AB5A68,5.953846153846156,To Republican
2020-04-25,#030D97,9.348161434977587,Stayed Democrat
2020-04-25,#11A3D6,5.23672131147541,To Democrat
2020-04-25,#556B2F,0.9315384615384618,To other
2020-04-25,#970D03,5.603522321428567,Stayed Republican
2020-04-25,#AB5A68,5.729230769230769,To Republican
2020-04-26,#030D97,9.37515695067264,Stayed Democrat
2020-04-26,#11A3D6,5.392131147540985,To Democrat
2020-04-26,#556B2F,0.8184615384615385,To other
2020-04-26,#970D03,5.599286987522281,Stayed Republican
2020-04-26,#AB5A68,6.286153846153847,To Republican
2020-04-27,#030D97,9.202174887892378,Stayed Democrat
2020-04-27,#11A3D6,5.423442622950822,To Democrat
2020-04-27,#556B2F,0.8453846153846154,To other
2020-04-27,#970D03,5.644289520426286,Stayed Republican
2020-04-27,#AB5A68,6.401538461538461,To Republican
2020-04-28,#030D97,9.265334821428572,Stayed Democrat
2020-04-28,#11A3D6,5.788688524590165,To Democrat
2020-04-28,#556B2F,0.8338461538461537,To other
2020-04-28,#970D03,5.562221731448755,Stayed Republican
2020-04-28,#AB5A68,6.338461538461539,To Republican
2020-04-29,#030D97,9.400669642857135,Stayed Democrat
2020-04-29,#11A3D6,5.3249180327868855,To Democrat
2020-04-29,#556B2F,0.7461538461538461,To other
2020-04-29,#970D03,5.636684280052827,Stayed Republican
2020-04-29,#AB5A68,6.769230769230769,To Republican
2020-04-30,#030D97,9.537433035714287,Stayed Democrat
2020-04-30,#11A3D6,5.059016393442624,To Democrat
2020-04-30,#556B2F,0.696923076923077,To other
2020-04-30,#970D03,5.539868131868127,Stayed Republican
2020-04-30,#AB5A68,6.3076923076923075,To Republican
2020-05-01,#030D97,9.476026785714287,Stayed Democrat
2020-05-01,#11A3D6,4.885081967213117,To Democrat
2020-05-01,#556B2F,0.9684615384615385,To other
2020-05-01,#970D03,6.062161925601739,Stayed Republican
2020-05-01,#AB5A68,5.296923076923077,To Republican
2020-05-02,#030D97,9.190022321428572,Stayed Democrat
2020-05-02,#11A3D6,4.914098360655739,To Democrat
2020-05-02,#556B2F,0.8492307692307691,To other
2020-05-02,#970D03,6.195954565312353,Stayed Republican
2020-05-02,#AB5A68,5.602307692307691,To Republican
2020-05-03,#030D97,9.431358574610243,Stayed Democrat
2020-05-03,#11A3D6,5.054098360655739,To Democrat
2020-05-03,#556B2F,1.1307692307692307,To other
2020-05-03,#970D03,6.252108932461877,Stayed Republican
2020-05-03,#AB5A68,5.666923076923077,To Republican
2020-05-04,#030D97,9.586525612472167,Stayed Democrat
2020-05-04,#11A3D6,5.099672131147543,To Democrat
2020-05-04,#556B2F,1.1323076923076925,To other
2020-05-04,#970D03,6.284430434782605,Stayed Republican
2020-05-04,#AB5A68,5.611538461538462,To Republican
2020-05-05,#030D97,9.353496659242767,Stayed Democrat
2020-05-05,#11A3D6,4.769836065573771,To Democrat
2020-05-05,#556B2F,1.106923076923077,To other
2020-05-05,#970D03,6.417058568329704,Stayed Republican
2020-05-05,#AB5A68,5.512307692307692,To Republican
2020-05-06,#030D97,9.307511111111111,Stayed Democrat
2020-05-06,#11A3D6,4.771129032258067,To Democrat
2020-05-06,#556B2F,1.2230769230769232,To other
2020-05-06,#970D03,6.368090909090898,Stayed Republican
2020-05-06,#AB5A68,5.5369230769230775,To Republican
2020-05-07,#030D97,9.151419068736145,Stayed Democrat
2020-05-07,#11A3D6,4.827580645161292,To Democrat
2020-05-07,#556B2F,1.2607692307692309,To other
2020-05-07,#970D03,6.48965056082829,Stayed Republican
2020-05-07,#AB5A68,6.343076923076923,To Republican
2020-05-08,#030D97,8.935254988913522,Stayed Democrat
2020-05-08,#11A3D6,4.563225806451614,To Democrat
2020-05-08,#556B2F,1.02,To other
2020-05-08,#970D03,6.092574257425739,Stayed Republican
2020-05-08,#AB5A68,6.621428571428572,To Republican
2020-05-09,#030D97,8.809844789356982,Stayed Democrat
2020-05-09,#11A3D6,4.502903225806454,To Democrat
2020-05-09,#556B2F,1.0215384615384617,To other
2020-05-09,#970D03,5.744499355393202,Stayed Republican
2020-05-09,#AB5A68,6.643571428571428,To Republican
2020-05-10,#030D97,8.572416851441249,Stayed Democrat
2020-05-10,#11A3D6,4.424516129032262,To Democrat
2020-05-10,#556B2F,0.7876923076923076,To other
2020-05-10,#970D03,5.571961373390558,Stayed Republican
2020-05-10,#AB5A68,6.386428571428572,To Republican
2020-05-11,#030D97,8.39509977827051,Stayed Democrat
2020-05-11,#11A3D6,4.494354838709679,To Democrat
2020-05-11,#556B2F,0.67,To other
2020-05-11,#970D03,5.3865107296137404,Stayed Republican
2020-05-11,#AB5A68,6.865,To Republican
2020-05-12,#030D97,8.50000000000001,Stayed Democrat
2020-05-12,#11A3D6,4.587096774193547,To Democrat
2020-05-12,#556B2F,0.5346153846153846,To other
2020-05-12,#970D03,5.2618232518232535,Stayed Republican
2020-05-12,#AB5A68,6.755,To Republican
2020-05-13,#030D97,8.210399113082048,Stayed Democrat
2020-05-13,#11A3D6,4.520483870967743,To Democrat
2020-05-13,#556B2F,0.5123076923076924,To other
2020-05-13,#970D03,5.490942587832053,Stayed Republican
2020-05-13,#AB5A68,6.194999999999999,To Republican
2020-05-14,#030D97,8.3019733924612,Stayed Democrat
2020-05-14,#11A3D6,4.4709677419354845,To Democrat
2020-05-14,#556B2F,0.4884615384615385,To other
2020-05-14,#970D03,5.41023952095808,Stayed Republican
2020-05-14,#AB5A68,5.739285714285714,To Republican
2020-05-15,#030D97,8.435343680709535,Stayed Democrat
2020-05-15,#11A3D6,4.6635483870967755,To Democrat
2020-05-15,#556B2F,0.4115384615384616,To other
2020-05-15,#970D03,5.227485055508115,Stayed Republican
2020-05-15,#AB5A68,5.177857142857143,To Republican
2020-05-16,#030D97,8.532328159645234,Stayed Democrat
2020-05-16,#11A3D6,4.749354838709678,To Democrat
2020-05-16,#556B2F,0.33076923076923076,To other
2020-05-16,#970D03,5.2150617809970115,Stayed Republican
2020-05-16,#AB5A68,4.693571428571429,To Republican
2020-05-17,#030D97,8.398913525498891,Stayed Democrat
2020-05-17,#11A3D6,4.4651612903225795,To Democrat
2020-05-17,#556B2F,0.23999999999999996,To other
2020-05-17,#970D03,5.142187234042552,Stayed Republican
2020-05-17,#AB5A68,4.805714285714286,To Republican
2020-05-18,#030D97,8.479179600886917,Stayed Democrat
2020-05-18,#11A3D6,4.37,To Democrat
2020-05-18,#556B2F,0.23999999999999996,To other
2020-05-18,#970D03,5.2811427357689045,Stayed Republican
2020-05-18,#AB5A68,4.401428571428571,To Republican
2020-05-19,#030D97,8.721818181818184,Stayed Democrat
2020-05-19,#11A3D6,4.311290322580646,To Democrat
2020-05-19,#556B2F,0.3038461538461539,To other
2020-05-19,#970D03,5.238162574089765,Stayed Republican
2020-05-19,#AB5A68,4.5878571428571435,To Republican
2020-05-20,#030D97,9.104257206208425,Stayed Democrat
2020-05-20,#11A3D6,4.550483870967743,To Democrat
2020-05-20,#556B2F,0.2476923076923077,To other
2020-05-20,#970D03,5.1027622673434925,Stayed Republican
2020-05-20,#AB5A68,4.607857142857143,To Republican
2020-05-21,#030D97,9.368447893569845,Stayed Democrat
2020-05-21,#11A3D6,4.589032258064516,To Democrat
2020-05-21,#556B2F,0.5376923076923077,To other
2020-05-21,#970D03,5.020342205323197,Stayed Republican
2020-05-21,#AB5A68,4.91857142857143,To Republican
2020-05-22,#030D97,9.394767184035478,Stayed Democrat
2020-05-22,#11A3D6,4.578548387096775,To Democrat
2020-05-22,#556B2F,0.5492307692307693,To other
2020-05-22,#970D03,5.090455120101137,Stayed Republican
2020-05-22,#AB5A68,4.545,To Republican
2020-05-23,#030D97,9.44911308203991,Stayed Democrat
2020-05-23,#11A3D6,4.447419354838709,To Democrat
2020-05-23,#556B2F,0.713076923076923,To other
2020-05-23,#970D03,5.076190075693868,Stayed Republican
2020-05-23,#AB5A68,4.448571428571428,To Republican
2020-05-24,#030D97,9.692616407982266,Stayed Democrat
2020-05-24,#11A3D6,4.510161290322579,To Democrat
2020-05-24,#556B2F,0.7115384615384616,To other
2020-05-24,#970D03,5.368079831932776,Stayed Republican
2020-05-24,#AB5A68,4.12,To Republican
2020-05-25,#030D97,9.944601769911497,Stayed Democrat
2020-05-25,#11A3D6,4.4558064516129035,To Democrat
2020-05-25,#556B2F,0.9584615384615384,To other
2020-05-25,#970D03,5.22566148677027,Stayed Republican
2020-05-25,#AB5A68,3.8928571428571432,To Republican
2020-05-26,#030D97,9.866946902654872,Stayed Democrat
2020-05-26,#11A3D6,4.511129032258063,To Democrat
2020-05-26,#556B2F,0.9438461538461538,To other
2020-05-26,#970D03,5.3972670025188965,Stayed Republican
2020-05-26,#AB5A68,3.6678571428571423,To Republican
2020-05-27,#030D97,9.697676991150452,Stayed Democrat
2020-05-27,#11A3D6,4.300322580645162,To Democrat
2020-05-27,#556B2F,0.9615384615384615,To other
2020-05-27,#970D03,5.375067001675038,Stayed Republican
2020-05-27,#AB5A68,3.5092857142857135,To Republican
2020-05-28,#030D97,9.265862831858412,Stayed Democrat
2020-05-28,#11A3D6,4.355161290322581,To Democrat
2020-05-28,#556B2F,0.6646153846153846,To other
2020-05-28,#970D03,5.312580510246759,Stayed Republican
2020-05-28,#AB5A68,3.0857142857142854,To Republican
2020-05-29,#030D97,9.32679203539823,Stayed Democrat
2020-05-29,#11A3D6,4.268709677419356,To Democrat
2020-05-29,#556B2F,0.7053846153846154,To other
2020-05-29,#970D03,5.266609674728939,Stayed Republican
2020-05-29,#AB5A68,3.3307142857142855,To Republican
2020-05-30,#030D97,9.752079646017702,Stayed Democrat
2020-05-30,#11A3D6,4.175000000000001,To Democrat
2020-05-30,#556B2F,0.5723076923076923,To other
2020-05-30,#970D03,5.302830345977494,Stayed Republican
2020-05-30,#AB5A68,3.9321428571428565,To Republican
2020-05-31,#030D97,9.826238938053093,Stayed Democrat
2020-05-31,#11A3D6,4.22516129032258,To Democrat
2020-05-31,#556B2F,0.5876923076923077,To other
2020-05-31,#970D03,5.28037468776019,Stayed Republican
2020-05-31,#AB5A68,3.6699999999999995,To Republican
2020-06-01,#030D97,9.619535398230086,Stayed Democrat
2020-06-01,#11A3D6,4.274354838709677,To Democrat
2020-06-01,#556B2F,0.35461538461538467,To other
2020-06-01,#970D03,5.428485856905153,Stayed Republican
2020-06-01,#AB5A68,3.549285714285714,To Republican
2020-06-02,#030D97,9.360707964601774,Stayed Democrat
2020-06-02,#11A3D6,4.08306451612903,To Democrat
2020-06-02,#556B2F,0.3330769230769231,To other
2020-06-02,#970D03,5.716774595267747,Stayed Republican
2020-06-02,#AB5A68,3.9842857142857144,To Republican
2020-06-03,#030D97,9.410840707964605,Stayed Democrat
2020-06-03,#11A3D6,4.037096774193549,To Democrat
2020-06-03,#556B2F,0.35615384615384615,To other
2020-06-03,#970D03,5.748150912106141,Stayed Republican
2020-06-03,#AB5A68,4.045714285714285,To Republican
2020-06-04,#030D97,9.63549668874171,Stayed Democrat
2020-06-04,#11A3D6,3.8324193548387098,To Democrat
2020-06-04,#556B2F,0.6223076923076923,To other
2020-06-04,#970D03,5.869544135930375,Stayed Republican
2020-06-04,#AB5A68,3.730000000000001,To Republican
2020-06-05,#030D97,9.448344370860932,Stayed Democrat
2020-06-05,#11A3D6,3.89225806451613,To Democrat
2020-06-05,#556B2F,0.6261538461538462,To other
2020-06-05,#970D03,5.964472486553562,Stayed Republican
2020-06-05,#AB5A68,3.8721428571428573,To Republican
2020-06-06,#030D97,9.223017621145372,Stayed Democrat
2020-06-06,#11A3D6,3.8643548387096773,To Democrat
2020-06-06,#556B2F,0.8246153846153845,To other
2020-06-06,#970D03,6.091343530384462,Stayed Republican
2020-06-06,#AB5A68,3.652142857142857,To Republican
2020-06-07,#030D97,9.217400881057273,Stayed Democrat
2020-06-07,#11A3D6,3.8095161290322577,To Democrat
2020-06-07,#556B2F,0.8738461538461538,To other
2020-06-07,#970D03,5.914966942148768,Stayed Republican
2020-06-07,#AB5A68,4.299285714285714,To Republican
2020-06-08,#030D97,9.205462555066088,Stayed Democrat
2020-06-08,#11A3D6,3.7119354838709686,To Democrat
2020-06-08,#556B2F,1.0692307692307692,To other
2020-06-08,#970D03,5.7972148760330695,Stayed Republican
2020-06-08,#AB5A68,4.182857142857142,To Republican
2020-06-09,#030D97,9.433083700440536,Stayed Democrat
2020-06-09,#11A3D6,3.8158064516129033,To Democrat
2020-06-09,#556B2F,1.1123076923076922,To other
2020-06-09,#970D03,5.140680693069316,Stayed Republican
2020-06-09,#AB5A68,4.459999999999999,To Republican
2020-06-10,#030D97,9.457577092511023,Stayed Democrat
2020-06-10,#11A3D6,3.8570967741935487,To Democrat
2020-06-10,#556B2F,1.1792307692307693,To other
2020-06-10,#970D03,5.139369851729828,Stayed Republican
2020-06-10,#AB5A68,4.858571428571429,To Republican
2020-06-11,#030D97,9.296013215859043,Stayed Democrat
2020-06-11,#11A3D6,3.9000000000000017,To Democrat
2020-06-11,#556B2F,1.1453846153846154,To other
2020-06-11,#970D03,5.088374485596714,Stayed Republican
2020-06-11,#AB5A68,5.486428571428573,To Republican
2020-06-12,#030D97,10.210903083700439,Stayed Democrat
2020-06-12,#11A3D6,3.975967741935485,To Democrat
2020-06-12,#556B2F,1.133076923076923,To other
2020-06-12,#970D03,5.158268914473696,Stayed Republican
2020-06-12,#AB5A68,5.707857142857144,To Republican
2020-06-13,#030D97,10.811846153846167,Stayed Democrat
2020-06-13,#11A3D6,4.0001612903225805,To Democrat
2020-06-13,#556B2F,0.9738461538461538,To other
2020-06-13,#970D03,5.332193919474121,Stayed Republican
2020-06-13,#AB5A68,5.579285714285715,To Republican
2020-06-14,#030D97,11.045626373626378,Stayed Democrat
2020-06-14,#11A3D6,4.041129032258064,To Democrat
2020-06-14,#556B2F,0.8846153846153846,To other
2020-06-14,#970D03,5.3754847986852985,Stayed Republican
2020-06-14,#AB5A68,5.965714285714286,To Republican
2020-06-15,#030D97,11.300351648351658,Stayed Democrat
2020-06-15,#11A3D6,4.258225806451612,To Democrat
2020-06-15,#556B2F,0.7030769230769232,To other
2020-06-15,#970D03,5.464515996718618,Stayed Republican
2020-06-15,#AB5A68,6.8500000000000005,To Republican
2020-06-16,#030D97,11.115164835164839,Stayed Democrat
2020-06-16,#11A3D6,4.375,To Democrat
2020-06-16,#556B2F,0.6030769230769231,To other
2020-06-16,#970D03,5.695043050430506,Stayed Republican
2020-06-16,#AB5A68,7.01857142857143,To Republican
2020-06-17,#030D97,11.07094505494506,Stayed Democrat
2020-06-17,#11A3D6,4.682580645161291,To Democrat
2020-06-17,#556B2F,0.48923076923076925,To other
2020-06-17,#970D03,5.735194751947523,Stayed Republican
2020-06-17,#AB5A68,7.025714285714287,To Republican
2020-06-18,#030D97,11.067912087912093,Stayed Democrat
2020-06-18,#11A3D6,4.964193548387099,To Democrat
2020-06-18,#556B2F,0.33076923076923076,To other
2020-06-18,#970D03,5.869180663662435,Stayed Republican
2020-06-18,#AB5A68,8.719285714285716,To Republican
2020-06-19,#030D97,10.415362637362637,Stayed Democrat
2020-06-19,#11A3D6,5.237741935483872,To Democrat
2020-06-19,#556B2F,0.3784615384615385,To other
2020-06-19,#970D03,6.08486497545008,Stayed Republican
2020-06-19,#AB5A68,10.897857142857143,To Republican
2020-06-20,#030D97,9.446951754385964,Stayed Democrat
2020-06-20,#11A3D6,5.508387096774192,To Democrat
2020-06-20,#556B2F,0.3961538461538462,To other
2020-06-20,#970D03,5.98700694160882,Stayed Republican
2020-06-20,#AB5A68,12.387857142857143,To Republican
2020-06-21,#030D97,9.029671052631583,Stayed Democrat
2020-06-21,#11A3D6,5.8217741935483875,To Democrat
2020-06-21,#556B2F,0.556923076923077,To other
2020-06-21,#970D03,6.13132653061225,Stayed Republican
2020-06-21,#AB5A68,12.597142857142854,To Republican
2020-06-22,#030D97,9.683289473684207,Stayed Democrat
2020-06-22,#11A3D6,6.332903225806451,To Democrat
2020-06-22,#556B2F,0.563846153846154,To other
2020-06-22,#970D03,6.432153344208809,Stayed Republican
2020-06-22,#AB5A68,12.295,To Republican
2020-06-23,#030D97,10.421600877192983,Stayed Democrat
2020-06-23,#11A3D6,6.629354838709679,To Democrat
2020-06-23,#556B2F,0.5938461538461539,To other
2020-06-23,#970D03,6.63390790546047,Stayed Republican
2020-06-23,#AB5A68,13.667857142857141,To Republican
2020-06-24,#030D97,10.932828947368426,Stayed Democrat
2020-06-24,#11A3D6,7.064032258064517,To Democrat
2020-06-24,#556B2F,1.0146153846153847,To other
2020-06-24,#970D03,6.931090317331157,Stayed Republican
2020-06-24,#AB5A68,14.839285714285714,To Republican
2020-06-25,#030D97,11.722166301969361,Stayed Democrat
2020-06-25,#11A3D6,7.373387096774193,To Democrat
2020-06-25,#556B2F,1.2161538461538461,To other
2020-06-25,#970D03,7.260162469536977,Stayed Republican
2020-06-25,#AB5A68,13.374285714285715,To Republican
2020-06-26,#030D97,12.072954048140057,Stayed Democrat
2020-06-26,#11A3D6,7.931451612903225,To Democrat
2020-06-26,#556B2F,1.1715384615384614,To other
2020-06-26,#970D03,7.471903604698275,Stayed Republican
2020-06-26,#AB5A68,12.937857142857144,To Republican
2020-06-27,#030D97,12.21153172866521,Stayed Democrat
2020-06-27,#11A3D6,8.493387096774192,To Democrat
2020-06-27,#556B2F,1.1307692307692307,To other
2020-06-27,#970D03,7.721996759821815,Stayed Republican
2020-06-27,#AB5A68,12.843571428571426,To Republican
2020-06-28,#030D97,12.486498905908107,Stayed Democrat
2020-06-28,#11A3D6,9.140161290322578,To Democrat
2020-06-28,#556B2F,0.9507692307692307,To other
2020-06-28,#970D03,7.925447549615235,Stayed Republican
2020-06-28,#AB5A68,13.989999999999998,To Republican
2020-06-29,#030D97,12.543873085339179,Stayed Democrat
2020-06-29,#11A3D6,9.09096774193548,To Democrat
2020-06-29,#556B2F,0.9876923076923075,To other
2020-06-29,#970D03,8.016469635627537,Stayed Republican
2020-06-29,#AB5A68,14.654285714285715,To Republican
2020-06-30,#030D97,12.926980306345733,Stayed Democrat
2020-06-30,#11A3D6,9.625806451612904,To Democrat
2020-06-30,#556B2F,0.9576923076923076,To other
2020-06-30,#970D03,8.407843851132705,Stayed Republican
2020-06-30,#AB5A68,15.429285714285715,To Republican
2020-07-01,#030D97,13.66575492341357,Stayed Democrat
2020-07-01,#11A3D6,9.862258064516126,To Democrat
2020-07-01,#556B2F,0.5653846153846154,To other
2020-07-01,#970D03,8.650282828282842,Stayed Republican
2020-07-01,#AB5A68,16.672142857142855,To Republican
2020-07-02,#030D97,13.985448577680529,Stayed Democrat
2020-07-02,#11A3D6,10.224516129032258,To Democrat
2020-07-02,#556B2F,0.5761538461538462,To other
2020-07-02,#970D03,9.017367783609215,Stayed Republican
2020-07-02,#AB5A68,18.674285714285713,To Republican
2020-07-03,#030D97,14.996126914660827,Stayed Democrat
2020-07-03,#11A3D6,10.24064516129032,To Democrat
2020-07-03,#556B2F,0.5815384615384616,To other
2020-07-03,#970D03,9.315036261079772,Stayed Republican
2020-07-03,#AB5A68,19.080000000000002,To Republican
2020-07-04,#030D97,15.58137855579867,Stayed Democrat
2020-07-04,#11A3D6,9.944516129032255,To Democrat
2020-07-04,#556B2F,0.5853846153846154,To other
2020-07-04,#970D03,9.51659017713364,Stayed Republican
2020-07-04,#AB5A68,22.33333333333333,To Republican
2020-07-05,#030D97,16.103326039387298,Stayed Democrat
2020-07-05,#11A3D6,9.633387096774191,To Democrat
2020-07-05,#556B2F,0.7976923076923076,To other
2020-07-05,#970D03,9.60113526570047,Stayed Republican
2020-07-05,#AB5A68,20.351999999999997,To Republican
2020-07-06,#030D97,15.81306345733043,Stayed Democrat
2020-07-06,#11A3D6,10.062580645161292,To Democrat
2020-07-06,#556B2F,0.7392307692307691,To other
2020-07-06,#970D03,9.823306548814758,Stayed Republican
2020-07-06,#AB5A68,20.47266666666667,To Republican
2020-07-07,#030D97,15.750437636761509,Stayed Democrat
2020-07-07,#11A3D6,9.932903225806449,To Democrat
2020-07-07,#556B2F,0.7892307692307692,To other
2020-07-07,#970D03,10.144803212851388,Stayed Republican
2020-07-07,#AB5A68,20.15733333333333,To Republican
2020-07-08,#030D97,15.50737417943108,Stayed Democrat
2020-07-08,#11A3D6,10.036290322580646,To Democrat
2020-07-08,#556B2F,0.8246153846153845,To other
2020-07-08,#970D03,10.586288577154313,Stayed Republican
2020-07-08,#AB5A68,22.452666666666666,To Republican
2020-07-09,#030D97,15.847330415754932,Stayed Democrat
2020-07-09,#11A3D6,10.427903225806453,To Democrat
2020-07-09,#556B2F,0.7299999999999999,To other
2020-07-09,#970D03,11.038925851703414,Stayed Republican
2020-07-09,#AB5A68,24.704,To Republican
2020-07-10,#030D97,15.824519650655018,Stayed Democrat
2020-07-10,#11A3D6,10.725806451612907,To Democrat
2020-07-10,#556B2F,0.7084615384615384,To other
2020-07-10,#970D03,11.741156000000009,Stayed Republican
2020-07-10,#AB5A68,28.234666666666662,To Republican
2020-07-11,#030D97,16.109585152838434,Stayed Democrat
2020-07-11,#11A3D6,11.531774193548394,To Democrat
2020-07-11,#556B2F,0.7115384615384616,To other
2020-07-11,#970D03,12.524420463629076,Stayed Republican
2020-07-11,#AB5A68,27.332666666666665,To Republican
2020-07-12,#030D97,16.537685589519654,Stayed Democrat
2020-07-12,#11A3D6,11.860645161290323,To Democrat
2020-07-12,#556B2F,1.0607692307692307,To other
2020-07-12,#970D03,13.115901835594554,Stayed Republican
2020-07-12,#AB5A68,36.40533333333333,To Republican
2020-07-13,#030D97,17.411484716157233,Stayed Democrat
2020-07-13,#11A3D6,11.855161290322584,To Democrat
2020-07-13,#556B2F,1.1792307692307693,To other
2020-07-13,#970D03,13.599992022337485,Stayed Republican
2020-07-13,#AB5A68,39.010666666666665,To Republican
2020-07-14,#030D97,18.044104803493447,Stayed Democrat
2020-07-14,#11A3D6,12.298870967741937,To Democrat
2020-07-14,#556B2F,1.1869230769230767,To other
2020-07-14,#970D03,13.928416865552906,Stayed Republican
2020-07-14,#AB5A68,41.97933333333333,To Republican
2020-07-15,#030D97,18.861069868995646,Stayed Democrat
2020-07-15,#11A3D6,12.530000000000005,To Democrat
2020-07-15,#556B2F,1.3830769230769229,To other
2020-07-15,#970D03,14.409880715705786,Stayed Republican
2020-07-15,#AB5A68,42.55266666666667,To Republican
2020-07-16,#030D97,19.52997816593885,Stayed Democrat
2020-07-16,#11A3D6,12.299682539682536,To Democrat
2020-07-16,#556B2F,1.28,To other
2020-07-16,#970D03,14.791654075546738,Stayed Republican
2020-07-16,#AB5A68,41.76133333333333,To Republican
2020-07-17,#030D97,19.656353711790405,Stayed Democrat
2020-07-17,#11A3D6,12.628095238095238,To Democrat
2020-07-17,#556B2F,1.2623076923076924,To other
2020-07-17,#970D03,14.822137465236427,Stayed Republican
2020-07-17,#AB5A68,36.983333333333334,To Republican
2020-07-18,#030D97,20.215655021834078,Stayed Democrat
2020-07-18,#11A3D6,13.215873015873015,To Democrat
2020-07-18,#556B2F,1.2415384615384615,To other
2020-07-18,#970D03,14.893121525019852,Stayed Republican
2020-07-18,#AB5A68,62.45066666666666,To Republican
2020-07-19,#030D97,20.964650655021845,Stayed Democrat
2020-07-19,#11A3D6,13.283015873015872,To Democrat
2020-07-19,#556B2F,0.9023076923076924,To other
2020-07-19,#970D03,15.152643906312058,Stayed Republican
2020-07-19,#AB5A68,55.96133333333333,To Republican
2020-07-20,#030D97,21.278187772925772,Stayed Democrat
2020-07-20,#11A3D6,13.591428571428565,To Democrat
2020-07-20,#556B2F,0.9184615384615384,To other
2020-07-20,#970D03,15.47268147560494,Stayed Republican
2020-07-20,#AB5A68,52.96666666666667,To Republican
2020-07-21,#030D97,21.859235807860276,Stayed Democrat
2020-07-21,#11A3D6,13.53222222222222,To Democrat
2020-07-21,#556B2F,0.9630769230769232,To other
2020-07-21,#970D03,15.909187153053132,Stayed Republican
2020-07-21,#AB5A68,55.96866666666667,To Republican
2020-07-22,#030D97,21.914781659388655,Stayed Democrat
2020-07-22,#11A3D6,13.616031746031748,To Democrat
2020-07-22,#556B2F,0.7630769230769232,To other
2020-07-22,#970D03,16.01850237717906,Stayed Republican
2020-07-22,#AB5A68,54.35333333333334,To Republican
2020-07-23,#030D97,21.68050218340613,Stayed Democrat
2020-07-23,#11A3D6,13.142222222222225,To Democrat
2020-07-23,#556B2F,0.7423076923076923,To other
2020-07-23,#970D03,16.36523357086306,Stayed Republican
2020-07-23,#AB5A68,57.053999999999995,To Republican
2020-07-24,#030D97,21.992336244541466,Stayed Democrat
2020-07-24,#11A3D6,12.891746031746031,To Democrat
2020-07-24,#556B2F,0.8192307692307694,To other
2020-07-24,#970D03,16.825839271575624,Stayed Republican
2020-07-24,#AB5A68,57.25066666666667,To Republican
2020-07-25,#030D97,22.070502183406095,Stayed Democrat
2020-07-25,#11A3D6,12.87507936507937,To Democrat
2020-07-25,#556B2F,1.0338461538461539,To other
2020-07-25,#970D03,17.088739130434753,Stayed Republican
2020-07-25,#AB5A68,32.91066666666667,To Republican
2020-07-26,#030D97,21.74729257641922,Stayed Democrat
2020-07-26,#11A3D6,13.173015873015876,To Democrat
2020-07-26,#556B2F,0.8646153846153848,To other
2020-07-26,#970D03,17.28800395256916,Stayed Republican
2020-07-26,#AB5A68,32.326,To Republican
2020-07-27,#030D97,21.759082969432317,Stayed Democrat
2020-07-27,#11A3D6,12.675555555555556,To Democrat
2020-07-27,#556B2F,0.7746153846153846,To other
2020-07-27,#970D03,17.367684709600944,Stayed Republican
2020-07-27,#AB5A68,35.15800000000001,To Republican
2020-07-28,#030D97,21.6914847161572,Stayed Democrat
2020-07-28,#11A3D6,12.48555555555556,To Democrat
2020-07-28,#556B2F,0.7115384615384616,To other
2020-07-28,#970D03,17.39075829383882,Stayed Republican
2020-07-28,#AB5A68,31.911333333333328,To Republican
2020-07-29,#030D97,22.25104803493452,Stayed Democrat
2020-07-29,#11A3D6,12.52031746031746,To Democrat
2020-07-29,#556B2F,0.6992307692307692,To other
2020-07-29,#970D03,17.459992107340202,Stayed Republican
2020-07-29,#AB5A68,33.64333333333333,To Republican
2020-07-30,#030D97,23.109672489082982,Stayed Democrat
2020-07-30,#11A3D6,12.83873015873016,To Democrat
2020-07-30,#556B2F,0.6323076923076923,To other
2020-07-30,#970D03,17.45018942383586,Stayed Republican
2020-07-30,#AB5A68,34.49733333333334,To Republican
2020-07-31,#030D97,22.912401746724875,Stayed Democrat
2020-07-31,#11A3D6,12.589206349206354,To Democrat
2020-07-31,#556B2F,0.5984615384615385,To other
2020-07-31,#970D03,17.32181925809002,Stayed Republican
2020-07-31,#AB5A68,33.056000000000004,To Republican
2020-08-01,#030D97,22.863122270742338,Stayed Democrat
2020-08-01,#11A3D6,11.620317460317455,To Democrat
2020-08-01,#556B2F,0.4961538461538461,To other
2020-08-01,#970D03,17.157849250197337,Stayed Republican
2020-08-01,#AB5A68,33.908,To Republican
2020-08-02,#030D97,22.7796288209607,Stayed Democrat
2020-08-02,#11A3D6,11.03650793650794,To Democrat
2020-08-02,#556B2F,0.4915384615384616,To other
2020-08-02,#970D03,16.900228887134997,Stayed Republican
2020-08-02,#AB5A68,34.32266666666667,To Republican
2020-08-03,#030D97,22.365633187772943,Stayed Democrat
2020-08-03,#11A3D6,11.23984126984127,To Democrat
2020-08-03,#556B2F,0.43769230769230766,To other
2020-08-03,#970D03,16.470185477505932,Stayed Republican
2020-08-03,#AB5A68,31.775999999999996,To Republican
2020-08-04,#030D97,21.841331877729253,Stayed Democrat
2020-08-04,#11A3D6,11.236031746031747,To Democrat
2020-08-04,#556B2F,0.4492307692307692,To other
2020-08-04,#970D03,16.32324654832351,Stayed Republican
2020-08-04,#AB5A68,30.288000000000004,To Republican
2020-08-05,#030D97,21.4405676855895,Stayed Democrat
2020-08-05,#11A3D6,10.910793650793654,To Democrat
2020-08-05,#556B2F,0.5669230769230769,To other
2020-08-05,#970D03,16.223852523659314,Stayed Republican
2020-08-05,#AB5A68,29.192,To Republican
2020-08-06,#030D97,20.33685589519651,Stayed Democrat
2020-08-06,#11A3D6,10.775396825396827,To Democrat
2020-08-06,#556B2F,0.7553846153846154,To other
2020-08-06,#970D03,16.19221915648401,Stayed Republican
2020-08-06,#AB5A68,24.69466666666667,To Republican
2020-08-07,#030D97,20.819825327510923,Stayed Democrat
2020-08-07,#11A3D6,12.75492063492063,To Democrat
2020-08-07,#556B2F,0.6607692307692308,To other
2020-08-07,#970D03,16.4985258178952,Stayed Republican
2020-08-07,#AB5A68,27.464000000000002,To Republican
2020-08-08,#030D97,20.595524017467255,Stayed Democrat
2020-08-08,#11A3D6,13.366507936507936,To Democrat
2020-08-08,#556B2F,0.5476923076923077,To other
2020-08-08,#970D03,16.64307843910133,Stayed Republican
2020-08-08,#AB5A68,23.78466666666667,To Republican
2020-08-09,#030D97,20.322816593886486,Stayed Democrat
2020-08-09,#11A3D6,13.332063492063494,To Democrat
2020-08-09,#556B2F,0.6323076923076922,To other
2020-08-09,#970D03,16.891351990540063,Stayed Republican
2020-08-09,#AB5A68,22.64266666666667,To Republican
2020-08-10,#030D97,19.99050218340612,Stayed Democrat
2020-08-10,#11A3D6,13.08111111111111,To Democrat
2020-08-10,#556B2F,0.6823076923076923,To other
2020-08-10,#970D03,16.858478517934593,Stayed Republican
2020-08-10,#AB5A68,22.541333333333334,To Republican
2020-08-11,#030D97,19.948340611353707,Stayed Democrat
2020-08-11,#11A3D6,13.022222222222226,To Democrat
2020-08-11,#556B2F,0.8769230769230769,To other
2020-08-11,#970D03,16.768885387948018,Stayed Republican
2020-08-11,#AB5A68,22.540666666666663,To Republican
2020-08-12,#030D97,19.196681222707436,Stayed Democrat
2020-08-12,#11A3D6,12.723809523809527,To Democrat
2020-08-12,#556B2F,0.8353846153846154,To other
2020-08-12,#970D03,16.795884206380453,Stayed Republican
2020-08-12,#AB5A68,20.381333333333338,To Republican
2020-08-13,#030D97,18.92633187772926,Stayed Democrat
2020-08-13,#11A3D6,12.603492063492064,To Democrat
2020-08-13,#556B2F,0.7238461538461538,To other
2020-08-13,#970D03,16.759461054287954,Stayed Republican
2020-08-13,#AB5A68,21.675333333333338,To Republican
2020-08-14,#030D97,18.47790393013098,Stayed Democrat
2020-08-14,#11A3D6,10.493174603174603,To Democrat
2020-08-14,#556B2F,0.9092307692307691,To other
2020-08-14,#970D03,16.584413847364267,Stayed Republican
2020-08-14,#AB5A68,19.819999999999997,To Republican
2020-08-15,#030D97,17.726179039301318,Stayed Democrat
2020-08-15,#11A3D6,9.946666666666667,To Democrat
2020-08-15,#556B2F,1.0453846153846151,To other
2020-08-15,#970D03,16.47168371361134,Stayed Republican
2020-08-15,#AB5A68,20.65666666666667,To Republican
2020-08-16,#030D97,17.67008733624454,Stayed Democrat
2020-08-16,#11A3D6,9.81126984126984,To Democrat
2020-08-16,#556B2F,0.9830769230769228,To other
2020-08-16,#970D03,16.053701809598728,Stayed Republican
2020-08-16,#AB5A68,21.622666666666664,To Republican
2020-08-17,#030D97,17.1546288209607,Stayed Democrat
2020-08-17,#11A3D6,9.500952380952382,To Democrat
2020-08-17,#556B2F,1.146923076923077,To other
2020-08-17,#970D03,15.842682926829282,Stayed Republican
2020-08-17,#AB5A68,22.226,To Republican
2020-08-18,#030D97,16.583820960698702,Stayed Democrat
2020-08-18,#11A3D6,9.29174603174603,To Democrat
2020-08-18,#556B2F,0.9961538461538461,To other
2020-08-18,#970D03,15.461403853716057,Stayed Republican
2020-08-18,#AB5A68,26.233333333333334,To Republican
2020-08-19,#030D97,16.432008733624464,Stayed Democrat
2020-08-19,#11A3D6,9.356666666666667,To Democrat
2020-08-19,#556B2F,0.9299999999999998,To other
2020-08-19,#970D03,15.54681996855345,Stayed Republican
2020-08-19,#AB5A68,27.218666666666664,To Republican
2020-08-20,#030D97,16.60844978165939,Stayed Democrat
2020-08-20,#11A3D6,9.488095238095239,To Democrat
2020-08-20,#556B2F,0.9092307692307691,To other
2020-08-20,#970D03,15.217712264150977,Stayed Republican
2020-08-20,#AB5A68,25.918666666666663,To Republican
2020-08-21,#030D97,16.972117903930126,Stayed Democrat
2020-08-21,#11A3D6,9.82825396825397,To Democrat
2020-08-21,#556B2F,0.7823076923076923,To other
2020-08-21,#970D03,14.909508647798779,Stayed Republican
2020-08-21,#AB5A68,26.53066666666667,To Republican
2020-08-22,#030D97,17.569650655021835,Stayed Democrat
2020-08-22,#11A3D6,10.107460317460315,To Democrat
2020-08-22,#556B2F,0.8661538461538463,To other
2020-08-22,#970D03,14.761615566037722,Stayed Republican
2020-08-22,#AB5A68,24.613333333333337,To Republican
2020-08-23,#030D97,17.1976419213974,Stayed Democrat
2020-08-23,#11A3D6,10.06253968253968,To Democrat
2020-08-23,#556B2F,0.8376923076923077,To other
2020-08-23,#970D03,14.535778301886774,Stayed Republican
2020-08-23,#AB5A68,23.716,To Republican
2020-08-24,#030D97,17.76106986899562,Stayed Democrat
2020-08-24,#11A3D6,10.250000000000004,To Democrat
2020-08-24,#556B2F,0.783846153846154,To other
2020-08-24,#970D03,14.878393558523154,Stayed Republican
2020-08-24,#AB5A68,23.685333333333336,To Republican
2020-08-25,#030D97,18.189934497816587,Stayed Democrat
2020-08-25,#11A3D6,10.037460317460319,To Democrat
2020-08-25,#556B2F,0.7923076923076924,To other
2020-08-25,#970D03,15.118684210526299,Stayed Republican
2020-08-25,#AB5A68,18.97333333333334,To Republican
2020-08-26,#030D97,18.6425982532751,Stayed Democrat
2020-08-26,#11A3D6,10.130317460317459,To Democrat
2020-08-26,#556B2F,0.8461538461538461,To other
2020-08-26,#970D03,15.130113904163395,Stayed Republican
2020-08-26,#AB5A68,17.550666666666665,To Republican
2020-08-27,#030D97,18.312882096069867,Stayed Democrat
2020-08-27,#11A3D6,10.38873015873016,To Democrat
2020-08-27,#556B2F,1.066153846153846,To other
2020-08-27,#970D03,15.575292500981577,Stayed Republican
2020-08-27,#AB5A68,15.111333333333334,To Republican
2020-08-28,#030D97,17.318624454148477,Stayed Democrat
2020-08-28,#11A3D6,10.304761904761904,To Democrat
2020-08-28,#556B2F,1.0769230769230769,To other
2020-08-28,#970D03,15.679925402434243,Stayed Republican
2020-08-28,#AB5A68,14.264000000000003,To Republican
2020-08-29,#030D97,16.99772925764193,Stayed Democrat
2020-08-29,#11A3D6,10.17079365079365,To Democrat
2020-08-29,#556B2F,1.1084615384615384,To other
2020-08-29,#970D03,15.8472909305065,Stayed Republican
2020-08-29,#AB5A68,15.807333333333334,To Republican
2020-08-30,#030D97,17.10587336244543,Stayed Democrat
2020-08-30,#11A3D6,10.424761904761906,To Democrat
2020-08-30,#556B2F,1.2838461538461536,To other
2020-08-30,#970D03,16.185657636434996,Stayed Republican
2020-08-30,#AB5A68,17.274,To Republican
2020-08-31,#030D97,16.720698689956333,Stayed Democrat
2020-08-31,#11A3D6,10.71238095238095,To Democrat
2020-08-31,#556B2F,1.2115384615384615,To other
2020-08-31,#970D03,16.43086768747547,Stayed Republican
2020-08-31,#AB5A68,17.422666666666668,To Republican
2020-09-01,#030D97,16.77255458515283,Stayed Democrat
2020-09-01,#11A3D6,11.351428571428569,To Democrat
2020-09-01,#556B2F,1.2699999999999998,To other
2020-09-01,#970D03,16.299528857479412,Stayed Republican
2020-09-01,#AB5A68,16.558666666666667,To Republican
2020-09-02,#030D97,16.363100436681226,Stayed Democrat
2020-09-02,#11A3D6,11.669999999999998,To Democrat
2020-09-02,#556B2F,1.2653846153846153,To other
2020-09-02,#970D03,16.35170789163726,Stayed Republican
2020-09-02,#AB5A68,15.275999999999998,To Republican
2020-09-03,#030D97,16.405938864628812,Stayed Democrat
2020-09-03,#11A3D6,12.024761904761904,To Democrat
2020-09-03,#556B2F,1.0138461538461538,To other
2020-09-03,#970D03,16.35566941499805,Stayed Republican
2020-09-03,#AB5A68,16.650666666666663,To Republican
2020-09-04,#030D97,17.159235807860263,Stayed Democrat
2020-09-04,#11A3D6,12.616666666666664,To Democrat
2020-09-04,#556B2F,1.0023076923076923,To other
2020-09-04,#970D03,16.77452296819786,Stayed Republican
2020-09-04,#AB5A68,31.45133333333333,To Republican
2020-09-05,#030D97,16.684061135371167,Stayed Democrat
2020-09-05,#11A3D6,12.47936507936508,To Democrat
2020-09-05,#556B2F,0.8038461538461539,To other
2020-09-05,#970D03,16.7375422065175,Stayed Republican
2020-09-05,#AB5A68,31.53933333333333,To Republican
2020-09-06,#030D97,16.372707423580792,Stayed Democrat
2020-09-06,#11A3D6,12.235396825396824,To Democrat
2020-09-06,#556B2F,0.6376923076923078,To other
2020-09-06,#970D03,16.577887711032584,Stayed Republican
2020-09-06,#AB5A68,30.02333333333333,To Republican
2020-09-07,#030D97,15.903777292576416,Stayed Democrat
2020-09-07,#11A3D6,11.60285714285714,To Democrat
2020-09-07,#556B2F,0.6469230769230769,To other
2020-09-07,#970D03,15.834067530427918,Stayed Republican
2020-09-07,#AB5A68,29.452666666666662,To Republican
2020-09-08,#030D97,14.94563318777291,Stayed Democrat
2020-09-08,#11A3D6,11.22936507936508,To Democrat
2020-09-08,#556B2F,0.5938461538461538,To other
2020-09-08,#970D03,15.244424813506075,Stayed Republican
2020-09-08,#AB5A68,27.957333333333338,To Republican
2020-09-09,#030D97,14.369781659388654,Stayed Democrat
2020-09-09,#11A3D6,10.47666666666667,To Democrat
2020-09-09,#556B2F,0.56,To other
2020-09-09,#970D03,14.776097369454272,Stayed Republican
2020-09-09,#AB5A68,30.14933333333333,To Republican
2020-09-10,#030D97,13.84515283842794,Stayed Democrat
2020-09-10,#11A3D6,9.970317460317462,To Democrat
2020-09-10,#556B2F,0.7007692307692307,To other
2020-09-10,#970D03,14.165719890152983,Stayed Republican
2020-09-10,#AB5A68,29.154666666666667,To Republican
2020-09-11,#030D97,12.961746724890828,Stayed Democrat
2020-09-11,#11A3D6,8.893809523809526,To Democrat
2020-09-11,#556B2F,0.7446153846153846,To other
2020-09-11,#970D03,14.284786190663002,Stayed Republican
2020-09-11,#AB5A68,14.164,To Republican
2020-09-12,#030D97,12.84211790393013,Stayed Democrat
2020-09-12,#11A3D6,8.853968253968253,To Democrat
2020-09-12,#556B2F,0.8107692307692307,To other
2020-09-12,#970D03,14.48773244409574,Stayed Republican
2020-09-12,#AB5A68,14.350666666666665,To Republican
2020-09-13,#030D97,12.631157205240166,Stayed Democrat
2020-09-13,#11A3D6,8.76873015873016,To Democrat
2020-09-13,#556B2F,0.8707692307692307,To other
2020-09-13,#970D03,14.69901530011768,Stayed Republican
2020-09-13,#AB5A68,14.543333333333331,To Republican
2020-09-14,#030D97,13.134978165938882,Stayed Democrat
2020-09-14,#11A3D6,9.36269841269841,To Democrat
2020-09-14,#556B2F,1.1546153846153848,To other
2020-09-14,#970D03,15.353915260886627,Stayed Republican
2020-09-14,#AB5A68,14.743333333333332,To Republican
2020-09-15,#030D97,13.493449781659395,Stayed Democrat
2020-09-15,#11A3D6,9.226031746031746,To Democrat
2020-09-15,#556B2F,1.2046153846153844,To other
2020-09-15,#970D03,16.18115731659474,Stayed Republican
2020-09-15,#AB5A68,15.391333333333332,To Republican
2020-09-16,#030D97,13.806157205240185,Stayed Democrat
2020-09-16,#11A3D6,9.568888888888889,To Democrat
2020-09-16,#556B2F,1.17,To other
2020-09-16,#970D03,16.84453333333333,Stayed Republican
2020-09-16,#AB5A68,13.957999999999998,To Republican
2020-09-17,#030D97,14.152401746724887,Stayed Democrat
2020-09-17,#11A3D6,9.685079365079368,To Democrat
2020-09-17,#556B2F,0.9492307692307692,To other
2020-09-17,#970D03,17.564584313725458,Stayed Republican
2020-09-17,#AB5A68,14.982,To Republican
2020-09-18,#030D97,14.39340611353713,Stayed Democrat
2020-09-18,#11A3D6,10.650952380952381,To Democrat
2020-09-18,#556B2F,0.8361538461538461,To other
2020-09-18,#970D03,17.902717647058825,Stayed Republican
2020-09-18,#AB5A68,14.394,To Republican
2020-09-19,#030D97,14.579388646288203,Stayed Democrat
2020-09-19,#11A3D6,10.556507936507941,To Democrat
2020-09-19,#556B2F,0.8015384615384615,To other
2020-09-19,#970D03,18.23954509803924,Stayed Republican
2020-09-19,#AB5A68,12.956,To Republican
2020-09-20,#030D97,14.532139737991269,Stayed Democrat
2020-09-20,#11A3D6,10.726507936507936,To Democrat
2020-09-20,#556B2F,0.8392307692307691,To other
2020-09-20,#970D03,18.481725490196066,Stayed Republican
2020-09-20,#AB5A68,14.186,To Republican
2020-09-21,#030D97,14.429170305676845,Stayed Democrat
2020-09-21,#11A3D6,10.723968253968254,To Democrat
2020-09-21,#556B2F,0.5976923076923076,To other
2020-09-21,#970D03,18.95936862745099,Stayed Republican
2020-09-21,#AB5A68,14.212666666666665,To Republican
2020-09-22,#030D97,14.473602620087346,Stayed Democrat
2020-09-22,#11A3D6,10.58269841269841,To Democrat
2020-09-22,#556B2F,0.49615384615384617,To other
2020-09-22,#970D03,19.21244705882345,Stayed Republican
2020-09-22,#AB5A68,15.564666666666666,To Republican
2020-09-23,#030D97,14.467096069868987,Stayed Democrat
2020-09-23,#11A3D6,11.306825396825397,To Democrat
2020-09-23,#556B2F,0.49615384615384617,To other
2020-09-23,#970D03,19.668079184633473,Stayed Republican
2020-09-23,#AB5A68,15.145333333333333,To Republican
2020-09-24,#030D97,14.682510917030575,Stayed Democrat
2020-09-24,#11A3D6,11.416984126984126,To Democrat
2020-09-24,#556B2F,0.5046153846153847,To other
2020-09-24,#970D03,19.7522640031336,Stayed Republican
2020-09-24,#AB5A68,14.908,To Republican
2020-09-25,#030D97,14.537052401746731,Stayed Democrat
2020-09-25,#11A3D6,11.05444444444445,To Democrat
2020-09-25,#556B2F,0.6053846153846154,To other
2020-09-25,#970D03,19.778104933437767,Stayed Republican
2020-09-25,#AB5A68,14.285333333333334,To Republican
2020-09-26,#030D97,14.497641921397378,Stayed Democrat
2020-09-26,#11A3D6,11.194444444444445,To Democrat
2020-09-26,#556B2F,0.7092307692307691,To other
2020-09-26,#970D03,20.05212216131556,Stayed Republican
2020-09-26,#AB5A68,16.453999999999997,To Republican
2020-09-27,#030D97,14.662139737991266,Stayed Democrat
2020-09-27,#11A3D6,11.233333333333338,To Democrat
2020-09-27,#556B2F,0.6115384615384616,To other
2020-09-27,#970D03,20.20082615505089,Stayed Republican
2020-09-27,#AB5A68,14.907999999999996,To Republican
2020-09-28,#030D97,14.780305676855898,Stayed Democrat
2020-09-28,#11A3D6,11.405714285714287,To Democrat
2020-09-28,#556B2F,0.5269230769230769,To other
2020-09-28,#970D03,20.269549725920104,Stayed Republican
2020-09-28,#AB5A68,14.648666666666667,To Republican
2020-09-29,#030D97,14.805393013100442,Stayed Democrat
2020-09-29,#11A3D6,12.02984126984127,To Democrat
2020-09-29,#556B2F,0.5907692307692308,To other
2020-09-29,#970D03,20.531472200469846,Stayed Republican
2020-09-29,#AB5A68,13.803999999999998,To Republican
2020-09-30,#030D97,14.74978165938864,Stayed Democrat
2020-09-30,#11A3D6,12.014603174603174,To Democrat
2020-09-30,#556B2F,0.9315384615384615,To other
2020-09-30,#970D03,20.618038371182475,Stayed Republican
2020-09-30,#AB5A68,13.748666666666667,To Republican
2020-10-01,#030D97,14.266768558951968,Stayed Democrat
2020-10-01,#11A3D6,11.753650793650795,To Democrat
2020-10-01,#556B2F,0.973846153846154,To other
2020-10-01,#970D03,21.101194205168397,Stayed Republican
2020-10-01,#AB5A68,14.212666666666669,To Republican
2020-10-02,#030D97,14.303995633187766,Stayed Democrat
2020-10-02,#11A3D6,11.94952380952381,To Democrat
2020-10-02,#556B2F,1.1253846153846156,To other
2020-10-02,#970D03,21.466194205168378,Stayed Republican
2020-10-02,#AB5A68,15.157999999999998,To Republican
2020-10-03,#030D97,14.533209606986903,Stayed Democrat
2020-10-03,#11A3D6,13.752222222222228,To Democrat
2020-10-03,#556B2F,1.0746153846153847,To other
2020-10-03,#970D03,21.656828504306983,Stayed Republican
2020-10-03,#AB5A68,15.132000000000003,To Republican
2020-10-04,#030D97,14.52853711790394,Stayed Democrat
2020-10-04,#11A3D6,14.53031746031746,To Democrat
2020-10-04,#556B2F,1.057692307692308,To other
2020-10-04,#970D03,21.755283757338542,Stayed Republican
2020-10-04,#AB5A68,14.804000000000002,To Republican
2020-10-05,#030D97,14.67748908296943,Stayed Democrat
2020-10-05,#11A3D6,14.554285714285712,To Democrat
2020-10-05,#556B2F,1.866923076923077,To other
2020-10-05,#970D03,22.085320813771528,Stayed Republican
2020-10-05,#AB5A68,16.022000000000002,To Republican
2020-10-06,#030D97,14.680545851528398,Stayed Democrat
2020-10-06,#11A3D6,15.068253968253972,To Democrat
2020-10-06,#556B2F,1.85,To other
2020-10-06,#970D03,22.406748826291082,Stayed Republican
2020-10-06,#AB5A68,16.29266666666667,To Republican
2020-10-07,#030D97,15.151921397379907,Stayed Democrat
2020-10-07,#11A3D6,15.749841269841273,To Democrat
2020-10-07,#556B2F,1.625384615384615,To other
2020-10-07,#970D03,23.277480438184682,Stayed Republican
2020-10-07,#AB5A68,17.089333333333332,To Republican
2020-10-08,#030D97,15.937947598253272,Stayed Democrat
2020-10-08,#11A3D6,16.698888888888888,To Democrat
2020-10-08,#556B2F,1.7307692307692308,To other
2020-10-08,#970D03,23.889010172143944,Stayed Republican
2020-10-08,#AB5A68,18.6,To Republican
2020-10-09,#030D97,16.563384279475983,Stayed Democrat
2020-10-09,#11A3D6,17.03095238095238,To Democrat
2020-10-09,#556B2F,1.6176923076923078,To other
2020-10-09,#970D03,24.740794209702607,Stayed Republican
2020-10-09,#AB5A68,17.458000000000002,To Republican
2020-10-10,#030D97,16.993558951965067,Stayed Democrat
2020-10-10,#11A3D6,15.271111111111114,To Democrat
2020-10-10,#556B2F,1.5523076923076924,To other
2020-10-10,#970D03,26.03455007824726,Stayed Republican
2020-10-10,#AB5A68,15.982666666666665,To Republican
2020-10-11,#030D97,17.546419213973785,Stayed Democrat
2020-10-11,#11A3D6,16.335714285714282,To Democrat
2020-10-11,#556B2F,1.76,To other
2020-10-11,#970D03,26.669851388345712,Stayed Republican
2020-10-11,#AB5A68,16.59933333333333,To Republican
2020-10-12,#030D97,17.725414847161552,Stayed Democrat
2020-10-12,#11A3D6,16.45603174603175,To Democrat
2020-10-12,#556B2F,1.0692307692307692,To other
2020-10-12,#970D03,27.11789597184197,Stayed Republican
2020-10-12,#AB5A68,15.129999999999997,To Republican
2020-10-13,#030D97,18.173144104803495,Stayed Democrat
2020-10-13,#11A3D6,16.29698412698413,To Democrat
2020-10-13,#556B2F,1.2146153846153847,To other
2020-10-13,#970D03,27.547896794370608,Stayed Republican
2020-10-13,#AB5A68,14.874666666666664,To Republican
2020-10-14,#030D97,18.221703056768543,Stayed Democrat
2020-10-14,#11A3D6,16.86333333333333,To Democrat
2020-10-14,#556B2F,1.2,To other
2020-10-14,#970D03,28.321829554339278,Stayed Republican
2020-10-14,#AB5A68,14.442666666666664,To Republican
2020-10-15,#030D97,18.58122270742358,Stayed Democrat
2020-10-15,#11A3D6,17.13301587301587,To Democrat
2020-10-15,#556B2F,1.32,To other
2020-10-15,#970D03,29.275551211884302,Stayed Republican
2020-10-15,#AB5A68,12.590666666666666,To Republican
2020-10-16,#030D97,18.605393013100443,Stayed Democrat
2020-10-16,#11A3D6,18.42523809523809,To Democrat
2020-10-16,#556B2F,1.4407692307692308,To other
2020-10-16,#970D03,30.1217318217358,Stayed Republican
2020-10-16,#AB5A68,12.504666666666667,To Republican
2020-10-17,#030D97,18.1857423580786,Stayed Democrat
2020-10-17,#11A3D6,18.799841269841266,To Democrat
2020-10-17,#556B2F,1.5615384615384615,To other
2020-10-17,#970D03,29.546200156372215,Stayed Republican
2020-10-17,#AB5A68,12.294666666666666,To Republican
2020-10-18,#030D97,18.02451965065502,Stayed Democrat
2020-10-18,#11A3D6,17.67253968253968,To Democrat
2020-10-18,#556B2F,1.5261538461538462,To other
2020-10-18,#970D03,29.672650508209628,Stayed Republican
2020-10-18,#AB5A68,12.216000000000001,To Republican
2020-10-19,#030D97,18.61371179039303,Stayed Democrat
2020-10-19,#11A3D6,19.48095238095238,To Democrat
2020-10-19,#556B2F,1.554615384615385,To other
2020-10-19,#970D03,31.007685691946868,Stayed Republican
2020-10-19,#AB5A68,12.374666666666666,To Republican
2020-10-20,#030D97,19.396179039301312,Stayed Democrat
2020-10-20,#11A3D6,20.49968253968254,To Democrat
2020-10-20,#556B2F,1.662307692307692,To other
2020-10-20,#970D03,31.606336982017233,Stayed Republican
2020-10-20,#AB5A68,16.824666666666666,To Republican
2020-10-21,#030D97,19.61028384279476,Stayed Democrat
2020-10-21,#11A3D6,19.996507936507935,To Democrat
2020-10-21,#556B2F,1.8076923076923077,To other
2020-10-21,#970D03,31.803573103987482,Stayed Republican
2020-10-21,#AB5A68,17.080000000000002,To Republican
2020-10-22,#030D97,19.623078602620094,Stayed Democrat
2020-10-22,#11A3D6,20.4352380952381,To Democrat
2020-10-22,#556B2F,1.856923076923077,To other
2020-10-22,#970D03,31.894128225175898,Stayed Republican
2020-10-22,#AB5A68,15.099999999999998,To Republican
2020-10-23,#030D97,19.91050218340611,Stayed Democrat
2020-10-23,#11A3D6,20.179999999999996,To Democrat
2020-10-23,#556B2F,2.0684615384615386,To other
2020-10-23,#970D03,32.77489053948387,Stayed Republican
2020-10-23,#AB5A68,14.827333333333332,To Republican
2020-10-24,#030D97,21.53266375545854,Stayed Democrat
2020-10-24,#11A3D6,20.523968253968256,To Democrat
2020-10-24,#556B2F,2.436923076923077,To other
2020-10-24,#970D03,34.40742767787331,Stayed Republican
2020-10-24,#AB5A68,25.35666666666667,To Republican
2020-10-25,#030D97,22.208318777292593,Stayed Democrat
2020-10-25,#11A3D6,21.244126984126993,To Democrat
2020-10-25,#556B2F,2.523076923076923,To other
2020-10-25,#970D03,35.26596168881945,Stayed Republican
2020-10-25,#AB5A68,25.94333333333333,To Republican
2020-10-26,#030D97,22.658122270742357,Stayed Democrat
2020-10-26,#11A3D6,20.684761904761906,To Democrat
2020-10-26,#556B2F,2.5546153846153845,To other
2020-10-26,#970D03,35.34107505863954,Stayed Republican
2020-10-26,#AB5A68,27.621333333333336,To Republican
2020-10-27,#030D97,22.64844978165939,Stayed Democrat
2020-10-27,#11A3D6,20.811587301587302,To Democrat
2020-10-27,#556B2F,2.893846153846153,To other
2020-10-27,#970D03,36.372630961688834,Stayed Republican
2020-10-27,#AB5A68,26.52466666666667,To Republican
2020-10-28,#030D97,23.434213973799118,Stayed Democrat
2020-10-28,#11A3D6,23.09507936507936,To Democrat
2020-10-28,#556B2F,2.7769230769230764,To other
2020-10-28,#970D03,37.36378029710706,Stayed Republican
2020-10-28,#AB5A68,27.228,To Republican
2020-10-29,#030D97,24.28111353711791,Stayed Democrat
2020-10-29,#11A3D6,24.620952380952367,To Democrat
2020-10-29,#556B2F,2.7469230769230766,To other
2020-10-29,#970D03,38.589679437060234,Stayed Republican
2020-10-29,#AB5A68,29.262000000000004,To Republican
2020-10-30,#030D97,25.825152838427947,Stayed Democrat
2020-10-30,#11A3D6,25.703492063492067,To Democrat
2020-10-30,#556B2F,2.465384615384615,To other
2020-10-30,#970D03,39.65850273651285,Stayed Republican
2020-10-30,#AB5A68,30.698,To Republican
2020-10-31,#030D97,25.83766375545851,Stayed Democrat
2020-10-31,#11A3D6,27.29587301587301,To Democrat
2020-10-31,#556B2F,2.4646153846153847,To other
2020-10-31,#970D03,40.125469116497214,Stayed Republican
2020-10-31,#AB5A68,22.41466666666667,To Republican
2020-11-01,#030D97,26.150196506550216,Stayed Democrat
2020-11-01,#11A3D6,27.83936507936508,To Democrat
2020-11-01,#556B2F,2.376923076923077,To other
2020-11-01,#970D03,40.93210320562935,Stayed Republican
2020-11-01,#AB5A68,22.654666666666667,To Republican
2020-11-02,#030D97,26.522729257641934,Stayed Democrat
2020-11-02,#11A3D6,29.214603174603173,To Democrat
2020-11-02,#556B2F,2.3438461538461537,To other
2020-11-02,#970D03,42.09052384675517,Stayed Republican
2020-11-02,#AB5A68,22.36133333333333,To Republican
2020-11-03,#030D97,27.01235807860261,Stayed Democrat
2020-11-03,#11A3D6,30.143650793650785,To Democrat
2020-11-03,#556B2F,1.99,To other
2020-11-03,#970D03,43.17472243940577,Stayed Republican
2020-11-03,#AB5A68,21.175333333333334,To Republican
2020-11-04,#030D97,28.280414847161552,Stayed Democrat
2020-11-04,#11A3D6,31.264920634920635,To Democrat
2020-11-04,#556B2F,2.3099999999999996,To other
2020-11-04,#970D03,44.70675918686476,Stayed Republican
2020-11-04,#AB5A68,21.438666666666663,To Republican
2020-11-05,#030D97,29.51753275109169,Stayed Democrat
2020-11-05,#11A3D6,31.618888888888886,To Democrat
2020-11-05,#556B2F,2.6538461538461533,To other
2020-11-05,#970D03,46.780011727912324,Stayed Republican
2020-11-05,#AB5A68,20.816,To Republican
2020-11-06,#030D97,30.2883406113537,Stayed Democrat
2020-11-06,#11A3D6,34.07476190476191,To Democrat
2020-11-06,#556B2F,3.016923076923077,To other
2020-11-06,#970D03,49.72493745113355,Stayed Republican
2020-11-06,#AB5A68,20.414666666666665,To Republican
2020-11-07,#030D97,31.672620087336245,Stayed Democrat
2020-11-07,#11A3D6,35.566507936507946,To Democrat
2020-11-07,#556B2F,3.0246153846153843,To other
2020-11-07,#970D03,53.05795543393274,Stayed Republican
2020-11-07,#AB5A68,20.433333333333337,To Republican
2020-11-08,#030D97,33.1620524017467,Stayed Democrat
2020-11-08,#11A3D6,37.63349206349206,To Democrat
2020-11-08,#556B2F,3.695384615384616,To other
2020-11-08,#970D03,54.32424941360432,Stayed Republican
2020-11-08,#AB5A68,21.086666666666666,To Republican
2020-11-09,#030D97,34.31934497816594,Stayed Democrat
2020-11-09,#11A3D6,39.5920634920635,To Democrat
2020-11-09,#556B2F,4.243846153846154,To other
2020-11-09,#970D03,56.34579749804534,Stayed Republican
2020-11-09,#AB5A68,21.38133333333333,To Republican
2020-11-10,#030D97,36.17989082969432,Stayed Democrat
2020-11-10,#11A3D6,42.00238095238095,To Democrat
2020-11-10,#556B2F,5.563846153846153,To other
2020-11-10,#970D03,58.61150899139954,Stayed Republican
2020-11-10,#AB5A68,22.006666666666668,To Republican
2020-11-11,#030D97,37.23997816593886,Stayed Democrat
2020-11-11,#11A3D6,43.00285714285714,To Democrat
2020-11-11,#556B2F,7.21923076923077,To other
2020-11-11,#970D03,61.09194683346362,Stayed Republican
2020-11-11,#AB5A68,22.845333333333333,To Republican
2020-11-12,#030D97,38.699781659388606,Stayed Democrat
2020-11-12,#11A3D6,45.48761904761904,To Democrat
2020-11-12,#556B2F,9.436153846153847,To other
2020-11-12,#970D03,62.72968334636435,Stayed Republican
2020-11-12,#AB5A68,25.550666666666665,To Republican
2020-11-13,#030D97,40.54967248908298,Stayed Democrat
2020-11-13,#11A3D6,46.932539682539684,To Democrat
2020-11-13,#556B2F,11.184615384615386,To other
2020-11-13,#970D03,65.70358343102767,Stayed Republican
2020-11-13,#AB5A68,27.386000000000003,To Republican
2020-11-14,#030D97,41.914847161572034,Stayed Democrat
2020-11-14,#11A3D6,47.89206349206349,To Democrat
2020-11-14,#556B2F,12.674615384615386,To other
2020-11-14,#970D03,68.33762016412645,Stayed Republican
2020-11-14,#AB5A68,27.028000000000002,To Republican
2020-11-15,#030D97,42.68548034934494,Stayed Democrat
2020-11-15,#11A3D6,48.86825396825397,To Democrat
2020-11-15,#556B2F,13.090769230769231,To other
2020-11-15,#970D03,69.6384603360687,Stayed Republican
2020-11-15,#AB5A68,29.966666666666676,To Republican
2020-11-16,#030D97,43.752838427947616,Stayed Democrat
2020-11-16,#11A3D6,50.46349206349207,To Democrat
2020-11-16,#556B2F,14.943846153846154,To other
2020-11-16,#970D03,71.83078937084788,Stayed Republican
2020-11-16,#AB5A68,30.37266666666666,To Republican
2020-11-17,#030D97,44.57305676855899,Stayed Democrat
2020-11-17,#11A3D6,50.079682539682516,To Democrat
2020-11-17,#556B2F,15.831538461538461,To other
2020-11-17,#970D03,74.04651562500003,Stayed Republican
2020-11-17,#AB5A68,34.702000000000005,To Republican
2020-11-18,#030D97,46.28565502183407,Stayed Democrat
2020-11-18,#11A3D6,50.327142857142846,To Democrat
2020-11-18,#556B2F,14.900769230769233,To other
2020-11-18,#970D03,75.68994140624997,Stayed Republican
2020-11-18,#AB5A68,35.32666666666667,To Republican
2020-11-19,#030D97,47.3859170305677,Stayed Democrat
2020-11-19,#11A3D6,50.199682539682534,To Democrat
2020-11-19,#556B2F,15.197692307692307,To other
2020-11-19,#970D03,77.0894023437498,Stayed Republican
2020-11-19,#AB5A68,35.61066666666667,To Republican
2020-11-20,#030D97,48.14711790393012,Stayed Democrat
2020-11-20,#11A3D6,50.44492063492063,To Democrat
2020-11-20,#556B2F,16.273076923076925,To other
2020-11-20,#970D03,77.43233203124984,Stayed Republican
2020-11-20,#AB5A68,38.254666666666665,To Republican
2020-11-21,#030D97,48.62423580786025,Stayed Democrat
2020-11-21,#11A3D6,51.0763492063492,To Democrat
2020-11-21,#556B2F,16.44538461538462,To other
2020-11-21,#970D03,75.40625781249996,Stayed Republican
2020-11-21,#AB5A68,40.07,To Republican
2020-11-22,#030D97,49.75122270742359,Stayed Democrat
2020-11-22,#11A3D6,50.7647619047619,To Democrat
2020-11-22,#556B2F,17.120769230769227,To other
2020-11-22,#970D03,75.96209765625,Stayed Republican
2020-11-22,#AB5A68,39.08066666666666,To Republican
2020-11-23,#030D97,50.48067685589516,Stayed Democrat
2020-11-23,#11A3D6,52.08571428571429,To Democrat
2020-11-23,#556B2F,16.134615384615383,To other
2020-11-23,#970D03,76.30746874999996,Stayed Republican
2020-11-23,#AB5A68,40.660666666666664,To Republican
2020-11-24,#030D97,50.63211790393012,Stayed Democrat
2020-11-24,#11A3D6,52.07920634920634,To Democrat
2020-11-24,#556B2F,14.897692307692308,To other
2020-11-24,#970D03,75.55173046875004,Stayed Republican
2020-11-24,#AB5A68,38.26933333333333,To Republican
2020-11-25,#030D97,51.03458515283846,Stayed Democrat
2020-11-25,#11A3D6,53.635238095238115,To Democrat
2020-11-25,#556B2F,15.390000000000002,To other
2020-11-25,#970D03,75.68579687500002,Stayed Republican
2020-11-25,#AB5A68,43.29666666666667,To Republican
2020-11-26,#030D97,47.74949781659388,Stayed Democrat
2020-11-26,#11A3D6,49.770634920634926,To Democrat
2020-11-26,#556B2F,12.104615384615386,To other
2020-11-26,#970D03,70.83676171875001,Stayed Republican
2020-11-26,#AB5A68,42.275999999999996,To Republican
2020-11-27,#030D97,46.807620087336225,Stayed Democrat
2020-11-27,#11A3D6,48.776031746031755,To Democrat
2020-11-27,#556B2F,12.392307692307694,To other
2020-11-27,#970D03,68.36495703125016,Stayed Republican
2020-11-27,#AB5A68,49.326,To Republican
2020-11-28,#030D97,46.04875545851529,Stayed Democrat
2020-11-28,#11A3D6,47.37873015873016,To Democrat
2020-11-28,#556B2F,10.803076923076922,To other
2020-11-28,#970D03,66.82314843749995,Stayed Republican
2020-11-28,#AB5A68,47.42999999999999,To Republican
2020-11-29,#030D97,45.60731441048034,Stayed Democrat
2020-11-29,#11A3D6,48.26650793650794,To Democrat
2020-11-29,#556B2F,10.531538461538458,To other
2020-11-29,#970D03,65.64221875000008,Stayed Republican
2020-11-29,#AB5A68,48.47333333333333,To Republican
2020-11-30,#030D97,45.28198689956332,Stayed Democrat
2020-11-30,#11A3D6,49.64285714285715,To Democrat
2020-11-30,#556B2F,10.57846153846154,To other
2020-11-30,#970D03,64.41993359374996,Stayed Republican
2020-11-30,#AB5A68,47.64999999999999,To Republican
2020-12-01,#030D97,45.13718340611358,Stayed Democrat
2020-12-01,#11A3D6,50.07253968253967,To Democrat
2020-12-01,#556B2F,10.716923076923077,To other
2020-12-01,#970D03,63.24896484375006,Stayed Republican
2020-12-01,#AB5A68,55.901333333333326,To Republican
2020-12-02,#030D97,45.06187772925766,Stayed Democrat
2020-12-02,#11A3D6,49.56984126984128,To Democrat
2020-12-02,#556B2F,13.134615384615383,To other
2020-12-02,#970D03,63.3832109375002,Stayed Republican
2020-12-02,#AB5A68,54.19133333333333,To Republican
2020-12-03,#030D97,50.5527074235808,Stayed Democrat
2020-12-03,#11A3D6,55.564761904761916,To Democrat
2020-12-03,#556B2F,17.005384615384614,To other
2020-12-03,#970D03,68.3649101562499,Stayed Republican
2020-12-03,#AB5A68,58.37866666666666,To Republican
2020-12-04,#030D97,52.54469432314406,Stayed Democrat
2020-12-04,#11A3D6,57.46968253968253,To Democrat
2020-12-04,#556B2F,16.216153846153848,To other
2020-12-04,#970D03,70.12830468749983,Stayed Republican
2020-12-04,#AB5A68,50.36000000000001,To Republican
2020-12-05,#030D97,54.05628820960702,Stayed Democrat
2020-12-05,#11A3D6,59.353174603174594,To Democrat
2020-12-05,#556B2F,18.236153846153847,To other
2020-12-05,#970D03,72.0193671874999,Stayed Republican
2020-12-05,#AB5A68,55.00666666666666,To Republican
2020-12-06,#030D97,54.96102620087334,Stayed Democrat
2020-12-06,#11A3D6,58.02666666666666,To Democrat
2020-12-06,#556B2F,19.20076923076923,To other
2020-12-06,#970D03,72.57714843749996,Stayed Republican
2020-12-06,#AB5A68,54.626,To Republican
2020-12-07,#030D97,56.230720524017485,Stayed Democrat
2020-12-07,#11A3D6,55.76984126984127,To Democrat
2020-12-07,#556B2F,19.064615384615387,To other
2020-12-07,#970D03,72.71446484375005,Stayed Republican
2020-12-07,#AB5A68,56.202,To Republican
2020-12-08,#030D97,56.85788209606992,Stayed Democrat
2020-12-08,#11A3D6,56.56095238095239,To Democrat
2020-12-08,#556B2F,19.69538461538462,To other
2020-12-08,#970D03,72.8130117187501,Stayed Republican
2020-12-08,#AB5A68,49.839999999999996,To Republican
2020-12-09,#030D97,58.20366812227076,Stayed Democrat
2020-12-09,#11A3D6,59.13539682539682,To Democrat
2020-12-09,#556B2F,17.751538461538463,To other
2020-12-09,#970D03,73.47007421875,Stayed Republican
2020-12-09,#AB5A68,52.82933333333334,To Republican
2020-12-10,#030D97,56.96823144104806,Stayed Democrat
2020-12-10,#11A3D6,57.56793650793652,To Democrat
2020-12-10,#556B2F,16.56846153846154,To other
2020-12-10,#970D03,73.01182421875008,Stayed Republican
2020-12-10,#AB5A68,51.78066666666667,To Republican
2020-12-11,#030D97,56.422161572052374,Stayed Democrat
2020-12-11,#11A3D6,56.92682539682539,To Democrat
2020-12-11,#556B2F,16.202307692307695,To other
2020-12-11,#970D03,71.45867187499984,Stayed Republican
2020-12-11,#AB5A68,54.43,To Republican
2020-12-12,#030D97,56.534454148471646,Stayed Democrat
2020-12-12,#11A3D6,56.408253968253966,To Democrat
2020-12-12,#556B2F,15.407692307692306,To other
2020-12-12,#970D03,71.11023046874979,Stayed Republican
2020-12-12,#AB5A68,58.69666666666667,To Republican
2020-12-13,#030D97,56.47954148471619,Stayed Democrat
2020-12-13,#11A3D6,56.44730158730157,To Democrat
2020-12-13,#556B2F,15.506153846153847,To other
2020-12-13,#970D03,71.690890625,Stayed Republican
2020-12-13,#AB5A68,59.892666666666656,To Republican
2020-12-14,#030D97,56.22655021834061,Stayed Democrat
2020-12-14,#11A3D6,55.0784126984127,To Democrat
2020-12-14,#556B2F,16.106923076923074,To other
2020-12-14,#970D03,70.30519921875005,Stayed Republican
2020-12-14,#AB5A68,58.4,To Republican
2020-12-15,#030D97,57.14371179039303,Stayed Democrat
2020-12-15,#11A3D6,54.95730158730159,To Democrat
2020-12-15,#556B2F,15.149230769230769,To other
2020-12-15,#970D03,71.3758828125,Stayed Republican
2020-12-15,#AB5A68,72.02,To Republican
2020-12-16,#030D97,57.82155021834068,Stayed Democrat
2020-12-16,#11A3D6,54.016984126984134,To Democrat
2020-12-16,#556B2F,14.5,To other
2020-12-16,#970D03,69.76591796875002,Stayed Republican
2020-12-16,#AB5A68,75.20800000000001,To Republican
2020-12-17,#030D97,58.13978165938866,Stayed Democrat
2020-12-17,#11A3D6,54.26809523809521,To Democrat
2020-12-17,#556B2F,14.42,To other
2020-12-17,#970D03,69.60815234374999,Stayed Republican
2020-12-17,#AB5A68,84.302,To Republican
2020-12-18,#030D97,58.24386462882095,Stayed Democrat
2020-12-18,#11A3D6,53.41,To Democrat
2020-12-18,#556B2F,13.793846153846154,To other
2020-12-18,#970D03,69.54880859375001,Stayed Republican
2020-12-18,#AB5A68,87.44666666666667,To Republican
2020-12-19,#030D97,57.57899563318778,Stayed Democrat
2020-12-19,#11A3D6,52.178253968253976,To Democrat
2020-12-19,#556B2F,13.73769230769231,To other
2020-12-19,#970D03,68.52012109374985,Stayed Republican
2020-12-19,#AB5A68,87.18199999999999,To Republican
2020-12-20,#030D97,57.351790393013104,Stayed Democrat
2020-12-20,#11A3D6,52.36190476190477,To Democrat
2020-12-20,#556B2F,13.193076923076923,To other
2020-12-20,#970D03,67.47754296874989,Stayed Republican
2020-12-20,#AB5A68,85.65133333333333,To Republican
2020-12-21,#030D97,56.28292576419216,Stayed Democrat
2020-12-21,#11A3D6,52.44920634920635,To Democrat
2020-12-21,#556B2F,12.82153846153846,To other
2020-12-21,#970D03,67.30766406249994,Stayed Republican
2020-12-21,#AB5A68,89.35933333333334,To Republican
2020-12-22,#030D97,55.701550218340586,Stayed Democrat
2020-12-22,#11A3D6,51.52428571428571,To Democrat
2020-12-22,#556B2F,13.053076923076922,To other
2020-12-22,#970D03,66.07581250000017,Stayed Republican
2020-12-22,#AB5A68,76.61333333333332,To Republican
2020-12-23,#030D97,54.55288209606992,Stayed Democrat
2020-12-23,#11A3D6,50.15095238095237,To Democrat
2020-12-23,#556B2F,13.302307692307691,To other
2020-12-23,#970D03,65.97264843750003,Stayed Republican
2020-12-23,#AB5A68,78.32400000000001,To Republican
2020-12-24,#030D97,53.51331877729257,Stayed Democrat
2020-12-24,#11A3D6,48.54015873015873,To Democrat
2020-12-24,#556B2F,13.002307692307692,To other
2020-12-24,#970D03,63.49582812500014,Stayed Republican
2020-12-24,#AB5A68,72.79400000000001,To Republican
2020-12-25,#030D97,48.92096069868997,Stayed Democrat
2020-12-25,#11A3D6,43.88158730158731,To Democrat
2020-12-25,#556B2F,11.113076923076923,To other
2020-12-25,#970D03,56.686042968749916,Stayed Republican
2020-12-25,#AB5A68,61.61133333333334,To Republican
2020-12-26,#030D97,47.99600436681226,Stayed Democrat
2020-12-26,#11A3D6,44.2279365079365,To Democrat
2020-12-26,#556B2F,12.829230769230772,To other
2020-12-26,#970D03,54.46333593749993,Stayed Republican
2020-12-26,#AB5A68,55.73666666666667,To Republican
2020-12-27,#030D97,46.961441048034956,Stayed Democrat
2020-12-27,#11A3D6,42.92047619047619,To Democrat
2020-12-27,#556B2F,12.199230769230772,To other
2020-12-27,#970D03,52.510984375,Stayed Republican
2020-12-27,#AB5A68,57.226000000000006,To Republican
2020-12-28,#030D97,46.70670305676857,Stayed Democrat
2020-12-28,#11A3D6,43.856825396825414,To Democrat
2020-12-28,#556B2F,12.116923076923078,To other
2020-12-28,#970D03,51.23983203125007,Stayed Republican
2020-12-28,#AB5A68,51.98466666666666,To Republican
2020-12-29,#030D97,46.035174672489084,Stayed Democrat
2020-12-29,#11A3D6,44.38047619047619,To Democrat
2020-12-29,#556B2F,12.668461538461543,To other
2020-12-29,#970D03,51.81660546874999,Stayed Republican
2020-12-29,#AB5A68,60.256,To Republican
2020-12-30,#030D97,46.65650655021833,Stayed Democrat
2020-12-30,#11A3D6,45.13841269841269,To Democrat
2020-12-30,#556B2F,12.265384615384617,To other
2020-12-30,#970D03,52.57414843749992,Stayed Republican
2020-12-30,#AB5A68,53.52866666666667,To Republican
2020-12-31,#030D97,47.9477729257642,Stayed Democrat
2020-12-31,#11A3D6,46.386984126984125,To Democrat
2020-12-31,#556B2F,12.728461538461538,To other
2020-12-31,#970D03,54.059222656249986,Stayed Republican
2020-12-31,#AB5A68,55.47733333333333,To Republican
