COUNTYFP,deaths_avg_per_100k,state,state_po,CTYNAME,party_winner_2020,totalvotes_2020,fractionalvotes_2020,party_winner_2016,totalvotes_2016,fractionalvotes_2016,changecolor,_merge,pct_increase,segmentname
31075,4.500280373831776,NEBRASKA,NE,GRANT,REPUBLICAN,402.0,0.9328358208955224,REPUBLICAN,405.0,0.9061728395061729,#970D03,both,2.6662981389349527,Stayed Republican
30011,3.2270707070707076,MONTANA,MT,CARTER,REPUBLICAN,864.0,0.8969907407407407,REPUBLICAN,786.0,0.8625954198473282,#970D03,both,3.439532089341246,Stayed Republican
30109,3.132222222222223,MONTANA,MT,WIBAUX,REPUBLICAN,598.0,0.862876254180602,REPUBLICAN,541.0,0.8558225508317929,#970D03,both,0.705370334880906,Stayed Republican
38021,3.08352112676056,NORTH DAKOTA,ND,DICKEY,REPUBLICAN,2424.0,0.7186468646864687,REPUBLICAN,2407.0,0.692563356875779,#970D03,both,2.608350781068969,Stayed Republican
46053,2.889209302325581,SOUTH DAKOTA,SD,GREGORY,REPUBLICAN,2258.0,0.7843224092116917,REPUBLICAN,2091.0,0.7651841224294595,#970D03,both,1.9138286782232172,Stayed Republican
48261,2.8818131868131873,TEXAS,TX,KENEDY,REPUBLICAN,194.0,0.654639175257732,DEMOCRAT,186.0,0.532258064516129,#AB5A68,both,12.238111074160296,To Republican
46073,2.7908239700374553,SOUTH DAKOTA,SD,JERAULD,REPUBLICAN,1006.0,0.7166998011928429,REPUBLICAN,967.0,0.6701137538779731,#970D03,both,4.658604731486982,Stayed Republican
20063,2.7099999999999986,KANSAS,KS,GOVE,REPUBLICAN,1471.0,0.8776342624065262,REPUBLICAN,1343.0,0.8488458674609084,#970D03,both,2.87883949456178,Stayed Republican
38095,2.566910112359547,NORTH DAKOTA,ND,TOWNER,REPUBLICAN,1174.0,0.706984667802385,REPUBLICAN,1157.0,0.6335350043215212,#970D03,both,7.344966348086379,Stayed Republican
20135,2.391359649122806,KANSAS,KS,NESS,REPUBLICAN,1513.0,0.8849966953073364,REPUBLICAN,1454.0,0.844566712517194,#970D03,both,4.042998279014243,Stayed Republican
30069,2.3330681818181813,MONTANA,MT,PETROLEUM,REPUBLICAN,348.0,0.8563218390804598,REPUBLICAN,322.0,0.8633540372670807,#970D03,both,-0.703219818662093,Stayed Republican
31135,2.3057575757575757,NEBRASKA,NE,PERKINS,REPUBLICAN,1544.0,0.8555699481865285,REPUBLICAN,1455.0,0.836426116838488,#970D03,both,1.914383134804054,Stayed Republican
30019,2.253812499999999,MONTANA,MT,DANIELS,REPUBLICAN,1014.0,0.7879684418145957,REPUBLICAN,962.0,0.7588357588357588,#970D03,both,2.9132682978836866,Stayed Republican
38047,2.224745762711867,NORTH DAKOTA,ND,LOGAN,REPUBLICAN,1076.0,0.8643122676579925,REPUBLICAN,1067.0,0.8322399250234301,#970D03,both,3.207234263456238,Stayed Republican
46105,2.206494252873564,SOUTH DAKOTA,SD,PERKINS,REPUBLICAN,1669.0,0.8394248052726183,REPUBLICAN,1606.0,0.8300124533001245,#970D03,both,0.9412351972493793,Stayed Republican
13141,2.118921933085506,GEORGIA,GA,HANCOCK,DEMOCRAT,4165.0,0.7166866746698679,DEMOCRAT,3580.0,0.7544692737430168,#030D97,both,-3.778259907314885,Stayed Democrat
38075,2.1049795918367344,NORTH DAKOTA,ND,RENVILLE,REPUBLICAN,1319.0,0.8074298711144806,REPUBLICAN,1293.0,0.7679814385150812,#970D03,both,3.9448432599399452,Stayed Republican
38031,2.0987588652482265,NORTH DAKOTA,ND,FOSTER,REPUBLICAN,1778.0,0.766029246344207,REPUBLICAN,1719.0,0.7219313554392088,#970D03,both,4.409789090499816,Stayed Republican
46055,2.0592178770949725,SOUTH DAKOTA,SD,HAAKON,REPUBLICAN,1137.0,0.9023746701846965,REPUBLICAN,1044.0,0.896551724137931,#970D03,both,0.5822946046765476,Stayed Republican
46017,2.0548387096774183,SOUTH DAKOTA,SD,BUFFALO,DEMOCRAT,549.0,0.6411657559198543,DEMOCRAT,490.0,0.6040816326530613,#030D97,both,3.7084123266793,Stayed Democrat
30071,2.036577181208055,MONTANA,MT,PHILLIPS,REPUBLICAN,2382.0,0.8127623845507976,REPUBLICAN,2171.0,0.7936434822662367,#970D03,both,1.9118902284560924,Stayed Republican
46125,2.028956834532376,SOUTH DAKOTA,SD,TURNER,REPUBLICAN,4548.0,0.7233948988566403,REPUBLICAN,4150.0,0.707710843373494,#970D03,both,1.568405548314633,Stayed Republican
48155,1.9792000000000003,TEXAS,TX,FOARD,REPUBLICAN,551.0,0.8076225045372051,REPUBLICAN,513.0,0.746588693957115,#970D03,both,6.103381058009005,Stayed Republican
30005,1.948816568047335,MONTANA,MT,BLAINE,DEMOCRAT,3117.0,0.5097850497273019,REPUBLICAN,2684.0,0.47242921013412814,#11A3D6,both,3.735583959317373,To Democrat
29057,1.9179999999999984,MISSOURI,MO,DADE,REPUBLICAN,4119.0,0.8288419519300801,REPUBLICAN,3951.0,0.8058719311566692,#970D03,both,2.2970020773410926,Stayed Republican
48279,1.895376344086023,TEXAS,TX,LAMB,REPUBLICAN,4410.0,0.7984126984126985,REPUBLICAN,3995.0,0.7787234042553192,#970D03,both,1.96892941573793,Stayed Republican
46057,1.894121863799283,SOUTH DAKOTA,SD,HAMLIN,REPUBLICAN,3083.0,0.7693804735647097,REPUBLICAN,2762.0,0.7425778421433744,#970D03,both,2.680263142133532,Stayed Republican
38045,1.8917224880382748,NORTH DAKOTA,ND,LAMOURE,REPUBLICAN,2219.0,0.7413249211356467,REPUBLICAN,2151.0,0.6885169688516969,#970D03,both,5.280795228394986,Stayed Republican
55051,1.8837142857142855,WISCONSIN,WI,IRON,REPUBLICAN,4010.0,0.6079800498753117,REPUBLICAN,3497.0,0.597655132971118,#970D03,both,1.0324916904193682,Stayed Republican
13243,1.8562020905923384,GEORGIA,GA,RANDOLPH,DEMOCRAT,3074.0,0.5435914118412492,DEMOCRAT,2899.0,0.55122456019317,#030D97,both,-0.763314835192086,Stayed Democrat
20131,1.8415725806451606,KANSAS,KS,NEMAHA,REPUBLICAN,5684.0,0.8205489092188599,REPUBLICAN,5122.0,0.8051542366263178,#970D03,both,1.5394672592542125,Stayed Republican
30075,1.8351234567901236,MONTANA,MT,POWDER RIVER,REPUBLICAN,1136.0,0.8538732394366197,REPUBLICAN,1053.0,0.8395061728395061,#970D03,both,1.436706659711362,Stayed Republican
22037,1.7644128113879034,LOUISIANA,LA,EAST FELICIANA,REPUBLICAN,10509.0,0.5770292130554763,REPUBLICAN,10042.0,0.5545708026289584,#970D03,both,2.245841042651786,Stayed Republican
46051,1.7310000000000003,SOUTH DAKOTA,SD,GRANT,REPUBLICAN,3745.0,0.6990654205607477,REPUBLICAN,3564.0,0.6683501683501684,#970D03,both,3.071525221057936,Stayed Republican
46049,1.7307142857142852,SOUTH DAKOTA,SD,FAULK,REPUBLICAN,1182.0,0.8155668358714044,REPUBLICAN,1118.0,0.7674418604651163,#970D03,both,4.812497540628813,Stayed Republican
28099,1.7136785714285727,MISSISSIPPI,MS,NESHOBA,REPUBLICAN,11703.0,0.7109288216696573,REPUBLICAN,10553.0,0.7276603809343315,#970D03,both,-1.6731559264674178,Stayed Republican
13099,1.7086111111111077,GEORGIA,GA,EARLY,REPUBLICAN,5187.0,0.5247734721418932,REPUBLICAN,4785.0,0.5333333333333333,#970D03,both,-0.8559861191440143,Stayed Republican
30003,1.691428571428571,MONTANA,MT,BIG HORN,DEMOCRAT,4784.0,0.5206939799331104,DEMOCRAT,4237.0,0.49421760679726223,#030D97,both,2.6476373135848164,Stayed Democrat
19093,1.6522222222222223,IOWA,IA,IDA,REPUBLICAN,3849.0,0.7495453364510263,REPUBLICAN,3612.0,0.7350498338870431,#970D03,both,1.4495502563983131,Stayed Republican
26131,1.644696132596686,MICHIGAN,MI,ONTONAGON,REPUBLICAN,3804.0,0.6198738170347003,REPUBLICAN,3426.0,0.603035610040864,#970D03,both,1.6838206993836313,Stayed Republican
35031,1.6364459930313577,NEW MEXICO,NM,MCKINLEY,DEMOCRAT,26486.0,0.6806992373329306,DEMOCRAT,21703.0,0.625535640234069,#030D97,both,5.516359709886154,Stayed Democrat
26071,1.628638497652583,MICHIGAN,MI,IRON,REPUBLICAN,6789.0,0.6210045662100456,REPUBLICAN,5910.0,0.6218274111675127,#970D03,both,-0.08228449574670949,Stayed Republican
27069,1.623294573643411,MINNESOTA,MN,KITTSON,REPUBLICAN,2639.0,0.5858279651383099,REPUBLICAN,2385.0,0.5656184486373166,#970D03,both,2.020951650099334,Stayed Republican
46021,1.5970329670329673,SOUTH DAKOTA,SD,CAMPBELL,REPUBLICAN,873.0,0.8556701030927835,REPUBLICAN,831.0,0.8471720818291215,#970D03,both,0.8498021263661948,Stayed Republican
28055,1.587157894736842,MISSISSIPPI,MS,ISSAQUENA,DEMOCRAT,676.0,0.5251479289940828,DEMOCRAT,699.0,0.5650929899856938,#030D97,both,-3.994506099161099,Stayed Democrat
38043,1.565825242718446,NORTH DAKOTA,ND,KIDDER,REPUBLICAN,1460.0,0.8321917808219178,REPUBLICAN,1376.0,0.8074127906976745,#970D03,both,2.477899012424334,Stayed Republican
12125,1.5464492753623185,FLORIDA,FL,UNION,REPUBLICAN,6245.0,0.821937550040032,REPUBLICAN,5694.0,0.8022479803301721,#970D03,both,1.968956970985991,Stayed Republican
20023,1.5240485829959507,KANSAS,KS,CHEYENNE,REPUBLICAN,1429.0,0.827851644506648,REPUBLICAN,1407.0,0.8336886993603412,#970D03,both,-0.5837054853693124,Stayed Republican
48153,1.5147761194029847,TEXAS,TX,FLOYD,REPUBLICAN,2039.0,0.7768513977439921,REPUBLICAN,1959.0,0.7524247064828994,#970D03,both,2.442669126109276,Stayed Republican
20033,1.5004910714285713,KANSAS,KS,COMANCHE,REPUBLICAN,916.0,0.8318777292576419,REPUBLICAN,867.0,0.8246828143021915,#970D03,both,0.7194914955450438,Stayed Republican
46037,1.492672064777328,SOUTH DAKOTA,SD,DAY,REPUBLICAN,2964.0,0.6305668016194332,REPUBLICAN,2747.0,0.592282489989079,#970D03,both,3.8284311630354284,Stayed Republican
5081,1.4753478260869575,ARKANSAS,AR,LITTLE RIVER,REPUBLICAN,5177.0,0.7175970639366428,REPUBLICAN,5227.0,0.6896881576430075,#970D03,both,2.7908906293635294,Stayed Republican
30087,1.4716431924882638,MONTANA,MT,ROSEBUD,REPUBLICAN,3773.0,0.6588921282798834,REPUBLICAN,3453.0,0.6524761077324066,#970D03,both,0.6416020547476808,Stayed Republican
20101,1.4545089285714288,KANSAS,KS,LANE,REPUBLICAN,895.0,0.8513966480446927,REPUBLICAN,871.0,0.8243398392652124,#970D03,both,2.7056808779480357,Stayed Republican
22041,1.4537275985663074,LOUISIANA,LA,FRANKLIN,REPUBLICAN,9720.0,0.7170781893004116,REPUBLICAN,9162.0,0.7109801353416285,#970D03,both,0.6098053958783045,Stayed Republican
13273,1.445052264808366,GEORGIA,GA,TERRELL,DEMOCRAT,4416.0,0.5380434782608695,DEMOCRAT,4189.0,0.5411792790642158,#030D97,both,-0.31358008033463003,Stayed Democrat
28023,1.43953405017921,MISSISSIPPI,MS,CLARKE,REPUBLICAN,8338.0,0.6496761813384505,REPUBLICAN,7791.0,0.6593505326658965,#970D03,both,-0.9674351327445985,Stayed Republican
8061,1.4367676767676765,COLORADO,CO,KIOWA,REPUBLICAN,903.0,0.8803986710963455,REPUBLICAN,855.0,0.8514619883040936,#970D03,both,2.893668279225192,Stayed Republican
20153,1.4340000000000004,KANSAS,KS,RAWLINS,REPUBLICAN,1504.0,0.8384308510638298,REPUBLICAN,1472.0,0.8288043478260869,#970D03,both,0.9626503237742834,Stayed Republican
47137,1.4269915254237295,TENNESSEE,TN,PICKETT,REPUBLICAN,2931.0,0.8123507335380417,REPUBLICAN,2615.0,0.772848948374761,#970D03,both,3.9501785163280623,Stayed Republican
13165,1.4099999999999988,GEORGIA,GA,JENKINS,REPUBLICAN,3455.0,0.6254703328509407,REPUBLICAN,3056.0,0.6200916230366492,#970D03,both,0.5378709814291449,Stayed Republican
31057,1.4066666666666665,NEBRASKA,NE,DUNDY,REPUBLICAN,999.0,0.8838838838838838,REPUBLICAN,953.0,0.863588667366212,#970D03,both,2.0295216517671855,Stayed Republican
28125,1.4057500000000012,MISSISSIPPI,MS,SHARKEY,DEMOCRAT,2183.0,0.6710948236371965,DEMOCRAT,2190.0,0.6753424657534246,#030D97,both,-0.42476421162280786,Stayed Democrat
48385,1.3996190476190455,TEXAS,TX,REAL,REPUBLICAN,1982.0,0.8289606458123108,REPUBLICAN,1681.0,0.8221296847114813,#970D03,both,0.683096110082948,Stayed Republican
13315,1.3895289855072446,GEORGIA,GA,WILCOX,REPUBLICAN,3281.0,0.7323986589454434,REPUBLICAN,2976.0,0.7043010752688172,#970D03,both,2.809758367662618,Stayed Republican
46115,1.373430656934307,SOUTH DAKOTA,SD,SPINK,REPUBLICAN,3163.0,0.6651912741068606,REPUBLICAN,2951.0,0.6282616062351745,#970D03,both,3.6929667871686167,Stayed Republican
26013,1.3719230769230777,MICHIGAN,MI,BARAGA,REPUBLICAN,4038.0,0.6220901436354631,REPUBLICAN,3490.0,0.6183381088825215,#970D03,both,0.3752034752941613,Stayed Republican
38009,1.3619823788546235,NORTH DAKOTA,ND,BOTTINEAU,REPUBLICAN,3471.0,0.7418611351195621,REPUBLICAN,3494.0,0.7137950772753291,#970D03,both,2.8066057844232994,Stayed Republican
19141,1.361094890510949,IOWA,IA,O'BRIEN,REPUBLICAN,7551.0,0.77751291219706,REPUBLICAN,7406.0,0.7766675668376991,#970D03,both,0.08453453593608717,Stayed Republican
48107,1.3530111524163586,TEXAS,TX,CROSBY,REPUBLICAN,1953.0,0.7147977470558116,REPUBLICAN,1728.0,0.6834490740740741,#970D03,both,3.134867298173749,Stayed Republican
38063,1.3513229571984433,NORTH DAKOTA,ND,NELSON,REPUBLICAN,1777.0,0.6420934158694429,REPUBLICAN,1717.0,0.5969714618520675,#970D03,both,4.512195401737539,Stayed Republican
28051,1.3411805555555532,MISSISSIPPI,MS,HOLMES,DEMOCRAT,8115.0,0.811829944547135,DEMOCRAT,8076.0,0.8282565626547796,#030D97,both,-1.6426618107644675,Stayed Democrat
30059,1.337473309608541,MONTANA,MT,MEAGHER,REPUBLICAN,1110.0,0.7504504504504504,REPUBLICAN,977.0,0.7461617195496417,#970D03,both,0.4288730900808724,Stayed Republican
48369,1.3366536964980553,TEXAS,TX,PARMER,REPUBLICAN,2650.0,0.8056603773584906,REPUBLICAN,2466.0,0.7765612327656123,#970D03,both,2.9099144592878323,Stayed Republican
19185,1.3311428571428572,IOWA,IA,WAYNE,REPUBLICAN,3109.0,0.7539401736892891,REPUBLICAN,2940.0,0.7037414965986395,#970D03,both,5.019867709064963,Stayed Republican
48433,1.3304191616766472,TEXAS,TX,STONEWALL,REPUBLICAN,736.0,0.8355978260869565,REPUBLICAN,701.0,0.7917261055634808,#970D03,both,4.387172052347577,Stayed Republican
28031,1.2983512544802864,MISSISSIPPI,MS,COVINGTON,REPUBLICAN,9360.0,0.6254273504273504,REPUBLICAN,8811.0,0.616842583134718,#970D03,both,0.8584767292632467,Stayed Republican
21201,1.28929347826087,KENTUCKY,KY,ROBERTSON,REPUBLICAN,1146.0,0.7713787085514834,REPUBLICAN,1013.0,0.7492596248766041,#970D03,both,2.2119083674879247,Stayed Republican
46087,1.2870748299319734,SOUTH DAKOTA,SD,MCCOOK,REPUBLICAN,2900.0,0.713103448275862,REPUBLICAN,2587.0,0.6934673366834171,#970D03,both,1.9636111592444938,Stayed Republican
19085,1.2624829931972785,IOWA,IA,HARRISON,REPUBLICAN,8155.0,0.6842427958307786,REPUBLICAN,7465.0,0.6566644340254522,#970D03,both,2.757836180532647,Stayed Republican
17175,1.256977611940299,ILLINOIS,IL,STARK,REPUBLICAN,2883.0,0.6951092611862643,REPUBLICAN,2743.0,0.6481954064892453,#970D03,both,4.691385469701892,Stayed Republican
30079,1.2377999999999998,MONTANA,MT,PRAIRIE,REPUBLICAN,744.0,0.8104838709677419,REPUBLICAN,689.0,0.806966618287373,#970D03,both,0.3517252680368843,Stayed Republican
47027,1.2350909090909086,TENNESSEE,TN,CLAY,REPUBLICAN,3506.0,0.7795208214489446,REPUBLICAN,2920.0,0.7332191780821918,#970D03,both,4.63016433667528,Stayed Republican
22081,1.2345683453237406,LOUISIANA,LA,RED RIVER,REPUBLICAN,4132.0,0.5839787028073572,REPUBLICAN,4422.0,0.5407055630936228,#970D03,both,4.327313971373437,Stayed Republican
48081,1.225726141078839,TEXAS,TX,COKE,REPUBLICAN,1779.0,0.8915120854412592,REPUBLICAN,1423.0,0.8889669711876318,#970D03,both,0.25451142536273563,Stayed Republican
22013,1.219090909090912,LOUISIANA,LA,BIENVILLE,REPUBLICAN,7050.0,0.5519148936170213,REPUBLICAN,7005.0,0.5361884368308352,#970D03,both,1.5726456786186116,Stayed Republican
48275,1.2178438661710034,TEXAS,TX,KNOX,REPUBLICAN,1456.0,0.8104395604395604,REPUBLICAN,1367.0,0.7885881492318947,#970D03,both,2.185141120766576,Stayed Republican
46077,1.2123502304147462,SOUTH DAKOTA,SD,KINGSBURY,REPUBLICAN,2779.0,0.6851385390428212,REPUBLICAN,2551.0,0.6585652685221481,#970D03,both,2.6573270520673042,Stayed Republican
46007,1.1893000000000002,SOUTH DAKOTA,SD,BENNETT,REPUBLICAN,1183.0,0.5866441251056635,REPUBLICAN,1149.0,0.5796344647519582,#970D03,both,0.7009660353705316,Stayed Republican
17061,1.1880075187969925,ILLINOIS,IL,GREENE,REPUBLICAN,6227.0,0.7660189497350249,REPUBLICAN,5585.0,0.7421665174574754,#970D03,both,2.385243227754952,Stayed Republican
38049,1.17743772241993,NORTH DAKOTA,ND,MCHENRY,REPUBLICAN,3003.0,0.7872127872127872,REPUBLICAN,2820.0,0.7269503546099291,#970D03,both,6.026243260285813,Stayed Republican
5101,1.1738267148014419,ARKANSAS,AR,NEWTON,REPUBLICAN,3998.0,0.7983991995997999,REPUBLICAN,3753.0,0.7660538236077804,#970D03,both,3.2345375992019476,Stayed Republican
1085,1.171779359430608,ALABAMA,AL,LOWNDES,DEMOCRAT,6835.0,0.7274323335771763,DEMOCRAT,6684.0,0.7305505685218432,#030D97,both,-0.3118234944666898,Stayed Democrat
13281,1.156043956043956,GEORGIA,GA,TOWNS,REPUBLICAN,7979.0,0.800100263190876,REPUBLICAN,6764.0,0.7958308693081018,#970D03,both,0.4269393882774253,Stayed Republican
48101,1.149236947791165,TEXAS,TX,COTTLE,REPUBLICAN,662.0,0.8157099697885196,REPUBLICAN,612.0,0.826797385620915,#970D03,both,-1.1087415832395364,Stayed Republican
19171,1.1461052631578923,IOWA,IA,TAMA,REPUBLICAN,9048.0,0.588527851458886,REPUBLICAN,8752.0,0.5679844606946983,#970D03,both,2.0543390764187652,Stayed Republican
20129,1.144925925925926,KANSAS,KS,MORTON,REPUBLICAN,1198.0,0.8631051752921536,REPUBLICAN,1192.0,0.834731543624161,#970D03,both,2.837363166799256,Stayed Republican
55037,1.1437638376383759,WISCONSIN,WI,FLORENCE,REPUBLICAN,2940.0,0.7255102040816327,REPUBLICAN,2657.0,0.713963116296575,#970D03,both,1.1547087785057641,Stayed Republican
28097,1.1431578947368415,MISSISSIPPI,MS,MONTGOMERY,REPUBLICAN,5075.0,0.5747783251231527,REPUBLICAN,4996.0,0.5640512409927942,#970D03,both,1.07270841303585,Stayed Republican
38029,1.1388560885608863,NORTH DAKOTA,ND,EMMONS,REPUBLICAN,2009.0,0.8651070184171229,REPUBLICAN,1981.0,0.8465421504290762,#970D03,both,1.8564867988046685,Stayed Republican
20117,1.1329842931937166,KANSAS,KS,MARSHALL,REPUBLICAN,5114.0,0.7291748142354322,REPUBLICAN,4673.0,0.7076824309865183,#970D03,both,2.1492383248913893,Stayed Republican
13043,1.1320503597122282,GEORGIA,GA,CANDLER,REPUBLICAN,4431.0,0.707063868201309,REPUBLICAN,3763.0,0.7079457879351582,#970D03,both,-0.08819197338492124,Stayed Republican
48345,1.131216730038023,TEXAS,TX,MOTLEY,REPUBLICAN,652.0,0.9263803680981595,REPUBLICAN,615.0,0.9203252032520325,#970D03,both,0.6055164846127004,Stayed Republican
13037,1.126370106761566,GEORGIA,GA,CALHOUN,DEMOCRAT,2194.0,0.5742935278030994,DEMOCRAT,2025.0,0.5822222222222222,#030D97,both,-0.7928694419122806,Stayed Democrat
46009,1.1259121621621615,SOUTH DAKOTA,SD,BON HOMME,REPUBLICAN,3001.0,0.7447517494168611,REPUBLICAN,2974.0,0.7078009414929388,#970D03,both,3.6950807923922246,Stayed Republican
13167,1.1254873646209393,GEORGIA,GA,JOHNSON,REPUBLICAN,4100.0,0.6951219512195121,REPUBLICAN,3686.0,0.6833966359196961,#970D03,both,1.172531529981602,Stayed Republican
19029,1.125399239543726,IOWA,IA,CASS,REPUBLICAN,7276.0,0.684304562946674,REPUBLICAN,7125.0,0.6682105263157895,#970D03,both,1.609403663088449,Stayed Republican
20077,1.1219105691056912,KANSAS,KS,HARPER,REPUBLICAN,2678.0,0.8095593726661687,REPUBLICAN,2578.0,0.7742435996896819,#970D03,both,3.5315772976486803,Stayed Republican
30107,1.1200000000000003,MONTANA,MT,WHEATLAND,REPUBLICAN,1068.0,0.7705992509363296,REPUBLICAN,946.0,0.7420718816067653,#970D03,both,2.8527369329564345,Stayed Republican
21129,1.115504587155965,KENTUCKY,KY,LEE,REPUBLICAN,2659.0,0.811959383226777,REPUBLICAN,2667.0,0.8065241844769404,#970D03,both,0.5435198749836556,Stayed Republican
38037,1.1149275362318838,NORTH DAKOTA,ND,GRANT,REPUBLICAN,1381.0,0.8291093410572049,REPUBLICAN,1381.0,0.8023171614771905,#970D03,both,2.6792179580014452,Stayed Republican
55041,1.1112083333333331,WISCONSIN,WI,FOREST,REPUBLICAN,5053.0,0.6501088462299623,REPUBLICAN,4540.0,0.6140969162995594,#970D03,both,3.601192993040292,Stayed Republican
4001,1.1096503496503496,ARIZONA,AZ,APACHE,DEMOCRAT,35172.0,0.6622597520755146,DEMOCRAT,27661.0,0.6175843245001988,#030D97,both,4.467542757531573,Stayed Democrat
31161,1.1094179894179887,NEBRASKA,NE,SHERIDAN,REPUBLICAN,2672.0,0.8577844311377245,REPUBLICAN,2608.0,0.8477760736196319,#970D03,both,1.0008357518092592,Stayed Republican
12067,1.108208955223879,FLORIDA,FL,LAFAYETTE,REPUBLICAN,3658.0,0.8551120831055221,REPUBLICAN,3392.0,0.828125,#970D03,both,2.6987083105522114,Stayed Republican
13007,1.1075618374558296,GEORGIA,GA,BAKER,REPUBLICAN,1555.0,0.5768488745980708,REPUBLICAN,1440.0,0.5381944444444444,#970D03,both,3.865443015362635,Stayed Republican
17045,1.105990783410138,ILLINOIS,IL,EDGAR,REPUBLICAN,8196.0,0.7556124938994632,REPUBLICAN,7873.0,0.7170074939667217,#970D03,both,3.860499993274147,Stayed Republican
31139,1.105433962264151,NEBRASKA,NE,PIERCE,REPUBLICAN,4006.0,0.8642036944583126,REPUBLICAN,3630.0,0.840771349862259,#970D03,both,2.343234459605359,Stayed Republican
1041,1.102953736654806,ALABAMA,AL,CRENSHAW,REPUBLICAN,6617.0,0.7350763185733716,REPUBLICAN,6267.0,0.720121270145205,#970D03,both,1.495504842816664,Stayed Republican
46137,1.101166666666667,SOUTH DAKOTA,SD,ZIEBACH,DEMOCRAT,906.0,0.5309050772626932,REPUBLICAN,767.0,0.47979139504563234,#11A3D6,both,5.111368221706086,To Democrat
48447,1.0980769230769236,TEXAS,TX,THROCKMORTON,REPUBLICAN,894.0,0.901565995525727,REPUBLICAN,808.0,0.8849009900990099,#970D03,both,1.6665005426717117,Stayed Republican
22123,1.0950740740740719,LOUISIANA,LA,WEST CARROLL,REPUBLICAN,5052.0,0.8545130641330166,REPUBLICAN,4759.0,0.8342088674091196,#970D03,both,2.030419672389705,Stayed Republican
28011,1.0913840830449852,MISSISSIPPI,MS,BOLIVAR,DEMOCRAT,13744.0,0.6478463329452853,DEMOCRAT,13824.0,0.6543692129629629,#030D97,both,-0.6522880017677646,Stayed Democrat
31143,1.0775280898876405,NEBRASKA,NE,POLK,REPUBLICAN,2879.0,0.7957624175060785,REPUBLICAN,2582.0,0.7854376452362509,#970D03,both,1.0324772269827531,Stayed Republican
46109,1.0773021582733817,SOUTH DAKOTA,SD,ROBERTS,REPUBLICAN,4307.0,0.5581611330392384,REPUBLICAN,3889.0,0.5512985343275907,#970D03,both,0.6862598711647738,Stayed Republican
46071,1.077162162162162,SOUTH DAKOTA,SD,JACKSON,REPUBLICAN,1115.0,0.6618834080717488,REPUBLICAN,1095.0,0.6593607305936073,#970D03,both,0.25226774781414996,Stayed Republican
22111,1.071276595744681,LOUISIANA,LA,UNION,REPUBLICAN,11201.0,0.7505579858941166,REPUBLICAN,10894.0,0.731778960895906,#970D03,both,1.8779024998210603,Stayed Republican
48079,1.0690909090909084,TEXAS,TX,COCHRAN,REPUBLICAN,1000.0,0.809,REPUBLICAN,901.0,0.753607103218646,#970D03,both,5.539289678135406,Stayed Republican
48413,1.062722772277229,TEXAS,TX,SCHLEICHER,REPUBLICAN,1159.0,0.811044003451251,REPUBLICAN,1059.0,0.7752596789423984,#970D03,both,3.5784324508852605,Stayed Republican
5077,1.0614909090909093,ARKANSAS,AR,LEE,DEMOCRAT,2848.0,0.4996488764044944,DEMOCRAT,3026.0,0.5733641771315268,#030D97,both,-7.371530072703236,Stayed Democrat
5017,1.0595373665480428,ARKANSAS,AR,CHICOT,DEMOCRAT,4103.0,0.5508164757494516,DEMOCRAT,4176.0,0.5627394636015326,#030D97,both,-1.1922987852081013,Stayed Democrat
47135,1.0592982456140343,TENNESSEE,TN,PERRY,REPUBLICAN,3428.0,0.80950991831972,REPUBLICAN,2855.0,0.7590192644483362,#970D03,both,5.0490653871383735,Stayed Republican
28043,1.050874125874125,MISSISSIPPI,MS,GRENADA,REPUBLICAN,10911.0,0.5573274676931537,REPUBLICAN,10513.0,0.5678683534671359,#970D03,both,-1.0540885773982267,Stayed Republican
13309,1.0455555555555551,GEORGIA,GA,WHEELER,REPUBLICAN,2285.0,0.6927789934354486,REPUBLICAN,2102.0,0.6760228353948621,#970D03,both,1.67561580405865,Stayed Republican
4017,1.0433448275862063,ARIZONA,AZ,NAVAJO,REPUBLICAN,51767.0,0.534259277145672,REPUBLICAN,40294.0,0.5106715640045665,#970D03,both,2.3587713141105526,Stayed Republican
16079,1.042362637362641,IDAHO,ID,SHOSHONE,REPUBLICAN,6049.0,0.6969747065630683,REPUBLICAN,5120.0,0.6439453125,#970D03,both,5.3029394063068285,Stayed Republican
46003,1.038714285714285,SOUTH DAKOTA,SD,AURORA,REPUBLICAN,1405.0,0.7487544483985765,REPUBLICAN,1407.0,0.6922530206112296,#970D03,both,5.65014277873469,Stayed Republican
5049,1.0260474308300396,ARKANSAS,AR,FULTON,REPUBLICAN,5119.0,0.7737839421762063,REPUBLICAN,4772.0,0.7273679798826488,#970D03,both,4.6415962293557484,Stayed Republican
19067,1.0200816326530606,IOWA,IA,FLOYD,REPUBLICAN,8032.0,0.5910109561752988,REPUBLICAN,8060.0,0.542803970223325,#970D03,both,4.820698595197371,Stayed Republican
45009,1.0199999999999998,SOUTH CAROLINA,SC,BAMBERG,DEMOCRAT,6482.0,0.6186362233878433,DEMOCRAT,6214.0,0.6272932088831671,#030D97,both,-0.8656985495323788,Stayed Democrat
46097,1.0183458646616534,SOUTH DAKOTA,SD,MINER,REPUBLICAN,1138.0,0.6915641476274165,REPUBLICAN,1064.0,0.6635338345864662,#970D03,both,2.803031304095027,Stayed Republican
48151,1.0172727272727278,TEXAS,TX,FISHER,REPUBLICAN,1826.0,0.7929901423877328,REPUBLICAN,1729.0,0.7316367842683632,#970D03,both,6.13533581193696,Stayed Republican
48405,1.0145818181818176,TEXAS,TX,SAN AUGUSTINE,REPUBLICAN,4002.0,0.7513743128435783,REPUBLICAN,3569.0,0.7346595685065844,#970D03,both,1.6714744336993825,Stayed Republican
48125,1.0123880597014927,TEXAS,TX,DICKENS,REPUBLICAN,988.0,0.8633603238866396,REPUBLICAN,909.0,0.8305830583058306,#970D03,both,3.2777265580809067,Stayed Republican
48391,1.0114462809917362,TEXAS,TX,REFUGIO,REPUBLICAN,3366.0,0.6565656565656566,REPUBLICAN,2948.0,0.6207598371777476,#970D03,both,3.5805819387908944,Stayed Republican
48011,1.0112595419847323,TEXAS,TX,ARMSTRONG,REPUBLICAN,1112.0,0.9307553956834532,REPUBLICAN,1021.0,0.9049951028403526,#970D03,both,2.5760292843100663,Stayed Republican
29049,1.008274647887324,MISSOURI,MO,CLINTON,REPUBLICAN,10888.0,0.7162931667891257,REPUBLICAN,10208.0,0.6923001567398119,#970D03,both,2.3993010049313757,Stayed Republican
17125,1.0068749999999993,ILLINOIS,IL,MASON,REPUBLICAN,6766.0,0.6878510198049069,REPUBLICAN,6486.0,0.6256552574776442,#970D03,both,6.219576232726276,Stayed Republican
47083,1.0051578947368431,TENNESSEE,TN,HOUSTON,REPUBLICAN,3686.0,0.7373846988605535,REPUBLICAN,3168.0,0.6887626262626263,#970D03,both,4.862207259792717,Stayed Republican
19189,1.0017777777777759,IOWA,IA,WINNEBAGO,REPUBLICAN,5970.0,0.6241206030150753,REPUBLICAN,5787.0,0.5956454121306376,#970D03,both,2.847519088443773,Stayed Republican
38051,0.9974377224199291,NORTH DAKOTA,ND,MCINTOSH,REPUBLICAN,1455.0,0.7924398625429553,REPUBLICAN,1446.0,0.7607192254495159,#970D03,both,3.172063709343942,Stayed Republican
20083,0.9953124999999999,KANSAS,KS,HODGEMAN,REPUBLICAN,1045.0,0.8373205741626795,REPUBLICAN,1017.0,0.8407079646017699,#970D03,both,-0.3387390439090421,Stayed Republican
26053,0.9948754448398575,MICHIGAN,MI,GOGEBIC,REPUBLICAN,8266.0,0.5564964916525527,REPUBLICAN,7329.0,0.5482330468003821,#970D03,both,0.8263444852170565,Stayed Republican
48333,0.9939647577092516,TEXAS,TX,MILLS,REPUBLICAN,2505.0,0.8850299401197604,REPUBLICAN,2245.0,0.8690423162583519,#970D03,both,1.5987623861408506,Stayed Republican
13023,0.993718411552348,GEORGIA,GA,BLECKLEY,REPUBLICAN,5706.0,0.7584998247458815,REPUBLICAN,4974.0,0.7476879774829112,#970D03,both,1.0811847262970353,Stayed Republican
17025,0.9923282442748091,ILLINOIS,IL,CLAY,REPUBLICAN,6886.0,0.8174557072320651,REPUBLICAN,6350.0,0.7907086614173229,#970D03,both,2.6747045814742187,Stayed Republican
19007,0.9901423487544476,IOWA,IA,APPANOOSE,REPUBLICAN,6516.0,0.6939840392879066,REPUBLICAN,6136.0,0.6572685788787483,#970D03,both,3.6715460409158296,Stayed Republican
13235,0.9872084805653698,GEORGIA,GA,PULASKI,REPUBLICAN,4059.0,0.6910569105691057,REPUBLICAN,3605.0,0.676005547850208,#970D03,both,1.505136271889762,Stayed Republican
22077,0.980996441281139,LOUISIANA,LA,POINTE COUPEE,REPUBLICAN,12371.0,0.6064990704065961,REPUBLICAN,11761.0,0.577246832752317,#970D03,both,2.925223765427909,Stayed Republican
38005,0.9794142259414239,NORTH DAKOTA,ND,BENSON,REPUBLICAN,1961.0,0.5578786333503315,REPUBLICAN,2011.0,0.4619592242665341,#970D03,both,9.591940908379742,Stayed Republican
8017,0.9791213389121343,COLORADO,CO,CHEYENNE,REPUBLICAN,1136.0,0.8741197183098591,REPUBLICAN,1102.0,0.8393829401088929,#970D03,both,3.473677820096621,Stayed Republican
22003,0.9752112676056345,LOUISIANA,LA,ALLEN,REPUBLICAN,9810.0,0.7720693170234455,REPUBLICAN,9245.0,0.7427798810167658,#970D03,both,2.928943600667966,Stayed Republican
46041,0.9739234449760762,SOUTH DAKOTA,SD,DEWEY,DEMOCRAT,1966.0,0.5752797558494405,DEMOCRAT,1708.0,0.5199063231850117,#030D97,both,5.537343266442873,Stayed Democrat
18031,0.971837455830389,INDIANA,IN,DECATUR,REPUBLICAN,12287.0,0.7792789126719297,REPUBLICAN,11127.0,0.763008897276894,#970D03,both,1.6270015395035697,Stayed Republican
38055,0.9693189964157702,NORTH DAKOTA,ND,MCLEAN,REPUBLICAN,5536.0,0.7583092485549133,REPUBLICAN,5315.0,0.7262464722483537,#970D03,both,3.2062776306559626,Stayed Republican
31071,0.9676666666666665,NEBRASKA,NE,GARFIELD,REPUBLICAN,1075.0,0.867906976744186,REPUBLICAN,980.0,0.8377551020408164,#970D03,both,3.0151874703369663,Stayed Republican
28141,0.9668115942029005,MISSISSIPPI,MS,TISHOMINGO,REPUBLICAN,9138.0,0.8681330706938061,REPUBLICAN,8371.0,0.8560506510572213,#970D03,both,1.208241963658474,Stayed Republican
46043,0.9622891566265048,SOUTH DAKOTA,SD,DOUGLAS,REPUBLICAN,1707.0,0.8599882835383714,REPUBLICAN,1605.0,0.8336448598130841,#970D03,both,2.6343423725287307,Stayed Republican
17191,0.962200772200771,ILLINOIS,IL,WAYNE,REPUBLICAN,8486.0,0.845628093330191,REPUBLICAN,8261.0,0.8433603679941896,#970D03,both,0.22677253360013916,Stayed Republican
19131,0.9620727272727273,IOWA,IA,MITCHELL,REPUBLICAN,5822.0,0.6327722432153899,REPUBLICAN,5417.0,0.5888868377330626,#970D03,both,4.388540548232733,Stayed Republican
38027,0.9612820512820511,NORTH DAKOTA,ND,EDDY,REPUBLICAN,1261.0,0.6772402854877082,REPUBLICAN,1231.0,0.6425670186839968,#970D03,both,3.467326680371141,Stayed Republican
40129,0.9573142857142862,OKLAHOMA,OK,ROGER MILLS,REPUBLICAN,1834.0,0.8882224645583424,REPUBLICAN,1759.0,0.8794769755542922,#970D03,both,0.8745489004050255,Stayed Republican
13091,0.9532978723404255,GEORGIA,GA,DODGE,REPUBLICAN,8070.0,0.7240396530359355,REPUBLICAN,7009.0,0.7163646739905836,#970D03,both,0.7674979045351971,Stayed Republican
12063,0.9518749999999996,FLORIDA,FL,JACKSON,REPUBLICAN,22419.0,0.6908425888755074,REPUBLICAN,21041.0,0.6775818639798489,#970D03,both,1.3260724895658549,Stayed Republican
19115,0.9516117216117219,IOWA,IA,LOUISA,REPUBLICAN,5332.0,0.6575393848462115,REPUBLICAN,5008.0,0.6128194888178914,#970D03,both,4.471989602832016,Stayed Republican
13163,0.9515523465703996,GEORGIA,GA,JEFFERSON,DEMOCRAT,7642.0,0.5314053912588328,DEMOCRAT,6968.0,0.5483639494833524,#030D97,both,-1.6958558224519638,Stayed Democrat
48023,0.9496666666666657,TEXAS,TX,BAYLOR,REPUBLICAN,1702.0,0.8777908343125734,REPUBLICAN,1499.0,0.8452301534356238,#970D03,both,3.2560680876949633,Stayed Republican
55135,0.9472499999999995,WISCONSIN,WI,WAUPACA,REPUBLICAN,29130.0,0.6506007552351528,REPUBLICAN,26024.0,0.622079618813403,#970D03,both,2.8521136421749804,Stayed Republican
30097,0.9439999999999994,MONTANA,MT,SWEET GRASS,REPUBLICAN,2446.0,0.7522485690923958,REPUBLICAN,2107.0,0.757000474608448,#970D03,both,-0.47519055160522017,Stayed Republican
51131,0.9421352313167258,VIRGINIA,VA,NORTHAMPTON,DEMOCRAT,6732.0,0.5447118241235889,DEMOCRAT,6172.0,0.5273817239144524,#030D97,both,1.73301002091365,Stayed Democrat
13279,0.9392882562277582,GEORGIA,GA,TOOMBS,REPUBLICAN,10914.0,0.7212754260582738,REPUBLICAN,9138.0,0.7239001969796455,#970D03,both,-0.26247709213716997,Stayed Republican
13259,0.93891304347826,GEORGIA,GA,STEWART,DEMOCRAT,1990.0,0.5939698492462312,DEMOCRAT,2058.0,0.5937803692905733,#030D97,both,0.018947995565787856,Stayed Democrat
18131,0.938148148148148,INDIANA,IN,PULASKI,REPUBLICAN,5806.0,0.7313124354116431,REPUBLICAN,5459.0,0.7059901080784027,#970D03,both,2.532232733324047,Stayed Republican
17017,0.9329296875,ILLINOIS,IL,CASS,REPUBLICAN,5317.0,0.6817754372766598,REPUBLICAN,5124.0,0.6276346604215457,#970D03,both,5.414077685511409,Stayed Republican
17149,0.9327941176470587,ILLINOIS,IL,PIKE,REPUBLICAN,7949.0,0.7965781859353378,REPUBLICAN,7530.0,0.7641434262948207,#970D03,both,3.243475964051712,Stayed Republican
48131,0.9290839694656495,TEXAS,TX,DUVAL,DEMOCRAT,5053.0,0.5095982584603206,DEMOCRAT,4168.0,0.6677063339731286,#030D97,both,-15.810807551280803,Stayed Democrat
55067,0.9261777777777778,WISCONSIN,WI,LANGLADE,REPUBLICAN,11165.0,0.6565158978952083,REPUBLICAN,10132.0,0.6352151598894591,#970D03,both,2.1300738005749165,Stayed Republican
30033,0.9246511627906978,MONTANA,MT,GARFIELD,REPUBLICAN,813.0,0.939729397293973,REPUBLICAN,718.0,0.9094707520891365,#970D03,both,3.0258645204836454,Stayed Republican
13205,0.9242756183745597,GEORGIA,GA,MITCHELL,REPUBLICAN,8963.0,0.5505968983599241,REPUBLICAN,7880.0,0.5430203045685279,#970D03,both,0.7576593791396191,Stayed Republican
55069,0.9195918367346942,WISCONSIN,WI,LINCOLN,REPUBLICAN,16497.0,0.6072013093289689,REPUBLICAN,14706.0,0.5711954304365565,#970D03,both,3.6005878892412357,Stayed Republican
46031,0.9171161048689142,SOUTH DAKOTA,SD,CORSON,REPUBLICAN,1283.0,0.5042868277474669,REPUBLICAN,1175.0,0.5004255319148936,#970D03,both,0.38612958325733304,Stayed Republican
48191,0.9170796460176986,TEXAS,TX,HALL,REPUBLICAN,1169.0,0.8511548331907614,REPUBLICAN,1091.0,0.8185151237396884,#970D03,both,3.2639709451072974,Stayed Republican
13107,0.9170289855072447,GEORGIA,GA,EMANUEL,REPUBLICAN,9501.0,0.6895063677507631,REPUBLICAN,7860.0,0.6787531806615776,#970D03,both,1.075318708918549,Stayed Republican
28161,0.9154448398576527,MISSISSIPPI,MS,YALOBUSHA,REPUBLICAN,6535.0,0.5617444529456771,REPUBLICAN,6077.0,0.5555372716801054,#970D03,both,0.6207181265571737,Stayed Republican
28157,0.9152430555555553,MISSISSIPPI,MS,WILKINSON,DEMOCRAT,4127.0,0.6661012842258299,DEMOCRAT,4218.0,0.677335229966809,#030D97,both,-1.1233945740979023,Stayed Democrat
35006,0.9116254416961141,NEW MEXICO,NM,CIBOLA,DEMOCRAT,8903.0,0.5329664158148939,DEMOCRAT,8063.0,0.46397122659059903,#030D97,both,6.899518922429487,Stayed Democrat
48197,0.9115695067264569,TEXAS,TX,HARDEMAN,REPUBLICAN,1580.0,0.8417721518987342,REPUBLICAN,1513.0,0.797752808988764,#970D03,both,4.401934290997023,Stayed Republican
1027,0.9113120567375891,ALABAMA,AL,CLAY,REPUBLICAN,6930.0,0.8082251082251082,REPUBLICAN,6624.0,0.7918176328502415,#970D03,both,1.6407475374866642,Stayed Republican
47131,0.9103237410071944,TENNESSEE,TN,OBION,REPUBLICAN,13521.0,0.7980178980844612,REPUBLICAN,12249.0,0.7776961384602825,#970D03,both,2.0321759624178704,Stayed Republican
38041,0.9078306878306874,NORTH DAKOTA,ND,HETTINGER,REPUBLICAN,1312.0,0.8315548780487805,REPUBLICAN,1296.0,0.8101851851851852,#970D03,both,2.1369692863595247,Stayed Republican
13001,0.9047653429602908,GEORGIA,GA,APPLING,REPUBLICAN,8341.0,0.7824001918235224,REPUBLICAN,7012.0,0.7835139760410724,#970D03,both,-0.11137842175500401,Stayed Republican
28159,0.9042708333333329,MISSISSIPPI,MS,WINSTON,REPUBLICAN,9236.0,0.5534863577306193,REPUBLICAN,8881.0,0.552865668280599,#970D03,both,0.06206894500202509,Stayed Republican
5111,0.9022222222222217,ARKANSAS,AR,POINSETT,REPUBLICAN,7521.0,0.7868634490094403,REPUBLICAN,7722.0,0.7125097125097125,#970D03,both,7.435373649972776,Stayed Republican
20095,0.901843575418995,KANSAS,KS,KINGMAN,REPUBLICAN,3949.0,0.7926057229678399,REPUBLICAN,3334.0,0.7588482303539292,#970D03,both,3.37574926139107,Stayed Republican
29075,0.9012962962962944,MISSOURI,MO,GENTRY,REPUBLICAN,3237.0,0.797343219029966,REPUBLICAN,3043.0,0.7571475517581334,#970D03,both,4.019566727183255,Stayed Republican
22049,0.8972340425531908,LOUISIANA,LA,JACKSON,REPUBLICAN,7632.0,0.7067610062893082,REPUBLICAN,7464.0,0.692524115755627,#970D03,both,1.4236890533681157,Stayed Republican
27129,0.8942320819112629,MINNESOTA,MN,RENVILLE,REPUBLICAN,8128.0,0.672613188976378,REPUBLICAN,7606.0,0.6429134893505127,#970D03,both,2.9699699625865272,Stayed Republican
28091,0.8926408450704234,MISSISSIPPI,MS,MARION,REPUBLICAN,12177.0,0.6793955818346062,REPUBLICAN,11693.0,0.6701445309159326,#970D03,both,0.925105091867362,Stayed Republican
28007,0.8911538461538452,MISSISSIPPI,MS,ATTALA,REPUBLICAN,8823.0,0.5868752125127508,REPUBLICAN,8256.0,0.5931443798449613,#970D03,both,-0.6269167332210501,Stayed Republican
54057,0.8897802197802195,WEST VIRGINIA,WV,MINERAL,REPUBLICAN,12872.0,0.7799875699192045,REPUBLICAN,11564.0,0.7843306814251124,#970D03,both,-0.4343111505907937,Stayed Republican
55078,0.8878545454545449,WISCONSIN,WI,MENOMINEE,DEMOCRAT,1590.0,0.819496855345912,DEMOCRAT,1279.0,0.784206411258796,#030D97,both,3.5290444087116013,Stayed Democrat
38097,0.8856066945606699,NORTH DAKOTA,ND,TRAILL,REPUBLICAN,4136.0,0.6097678916827853,REPUBLICAN,3933.0,0.5758962623951183,#970D03,both,3.387162928766707,Stayed Republican
51159,0.8827106227106234,VIRGINIA,VA,RICHMOND,REPUBLICAN,4102.0,0.62091662603608,REPUBLICAN,3661.0,0.6044796503687517,#970D03,both,1.6436975667328269,Stayed Republican
28009,0.8803914590747315,MISSISSIPPI,MS,BENTON,REPUBLICAN,4289.0,0.5992072744229424,REPUBLICAN,4013.0,0.5609269872913033,#970D03,both,3.8280287131639112,Stayed Republican
1063,0.8799999999999994,ALABAMA,AL,GREENE,DEMOCRAT,4775.0,0.8134031413612566,DEMOCRAT,4880.0,0.8223360655737705,#030D97,both,-0.8932924212513904,Stayed Democrat
47033,0.879767441860464,TENNESSEE,TN,CROCKETT,REPUBLICAN,6114.0,0.764311416421328,REPUBLICAN,5397.0,0.7378173059106912,#970D03,both,2.649411051063688,Stayed Republican
8055,0.8781978798586566,COLORADO,CO,HUERFANO,REPUBLICAN,4406.0,0.5,REPUBLICAN,3783.0,0.4977531060005287,#970D03,both,0.2246893999471311,Stayed Republican
31147,0.8772532188841197,NEBRASKA,NE,RICHARDSON,REPUBLICAN,4126.0,0.7447891420261755,REPUBLICAN,3805.0,0.7277266754270696,#970D03,both,1.706246659910593,Stayed Republican
20157,0.8752398523985241,KANSAS,KS,REPUBLIC,REPUBLICAN,2657.0,0.8212269476853594,REPUBLICAN,2529.0,0.8003163305654409,#970D03,both,2.0910617119918484,Stayed Republican
1123,0.8732042253521128,ALABAMA,AL,TALLAPOOSA,REPUBLICAN,20991.0,0.7128293077985803,REPUBLICAN,19486.0,0.6976290670224776,#970D03,both,1.5200240776102714,Stayed Republican
48295,0.8731048387096769,TEXAS,TX,LIPSCOMB,REPUBLICAN,1353.0,0.8906134515890614,REPUBLICAN,1332.0,0.8701201201201201,#970D03,both,2.049333146894128,Stayed Republican
1065,0.8727436823104672,ALABAMA,AL,HALE,DEMOCRAT,7900.0,0.590253164556962,DEMOCRAT,8040.0,0.5939054726368159,#030D97,both,-0.365230807985395,Stayed Democrat
31123,0.8724521072796939,NEBRASKA,NE,MORRILL,REPUBLICAN,2557.0,0.8263590144700821,REPUBLICAN,2209.0,0.8157537347215935,#970D03,both,1.0605279748488572,Stayed Republican
13175,0.8715277777777777,GEORGIA,GA,LAURENS,REPUBLICAN,22729.0,0.6376435390910291,REPUBLICAN,19530.0,0.635483870967742,#970D03,both,0.21596681232871617,Stayed Republican
5099,0.8712949640287759,ARKANSAS,AR,NEVADA,REPUBLICAN,3358.0,0.6351995235259082,REPUBLICAN,3246.0,0.6161429451632778,#970D03,both,1.9056578362630416,Stayed Republican
42087,0.8695683453237407,PENNSYLVANIA,PA,MIFFLIN,REPUBLICAN,21502.0,0.7752767184447958,REPUBLICAN,18601.0,0.7577011988602763,#970D03,both,1.7575519584519528,Stayed Republican
28111,0.8662629757785458,MISSISSIPPI,MS,PERRY,REPUBLICAN,5916.0,0.7606490872210954,REPUBLICAN,5432.0,0.7612297496318114,#970D03,both,-0.05806624107160818,Stayed Republican
20147,0.8653584905660372,KANSAS,KS,PHILLIPS,REPUBLICAN,2781.0,0.8694714131607335,REPUBLICAN,2664.0,0.8382132132132132,#970D03,both,3.1258199947520326,Stayed Republican
19149,0.8652014652014647,IOWA,IA,PLYMOUTH,REPUBLICAN,14188.0,0.7411192557090499,REPUBLICAN,13190.0,0.7338893100833965,#970D03,both,0.7229945625653378,Stayed Republican
13283,0.8638518518518505,GEORGIA,GA,TREUTLEN,REPUBLICAN,3077.0,0.682807929801755,REPUBLICAN,2703.0,0.6692563817980022,#970D03,both,1.35515480037528,Stayed Republican
19135,0.8611934156378588,IOWA,IA,MONROE,REPUBLICAN,4088.0,0.7284735812133072,REPUBLICAN,3865.0,0.682535575679172,#970D03,both,4.5938005534135185,Stayed Republican
20093,0.8598106060606059,KANSAS,KS,KEARNY,REPUBLICAN,1455.0,0.8,REPUBLICAN,1316.0,0.8168693009118541,#970D03,both,-1.6869300911854013,Stayed Republican
21189,0.858030303030303,KENTUCKY,KY,OWSLEY,REPUBLICAN,1895.0,0.8812664907651715,REPUBLICAN,1759.0,0.8379761227970438,#970D03,both,4.329036796812769,Stayed Republican
19069,0.8569259259259245,IOWA,IA,FRANKLIN,REPUBLICAN,5130.0,0.6692007797270955,REPUBLICAN,4968.0,0.6366747181964574,#970D03,both,3.2526061530638084,Stayed Republican
21171,0.8561992619926205,KENTUCKY,KY,MONROE,REPUBLICAN,5330.0,0.8682926829268293,REPUBLICAN,4991.0,0.8571428571428571,#970D03,both,1.1149825783972167,Stayed Republican
21149,0.8545756457564578,KENTUCKY,KY,MCLEAN,REPUBLICAN,4782.0,0.759723964868256,REPUBLICAN,4566.0,0.740473061760841,#970D03,both,1.9250903107414952,Stayed Republican
28147,0.8541666666666666,MISSISSIPPI,MS,WALTHALL,REPUBLICAN,7119.0,0.5927798848152831,REPUBLICAN,6919.0,0.5862118803295274,#970D03,both,0.6568004485755674,Stayed Republican
27117,0.8502952029520283,MINNESOTA,MN,PIPESTONE,REPUBLICAN,4940.0,0.7192307692307692,REPUBLICAN,4808.0,0.6942595673876872,#970D03,both,2.497120184308199,Stayed Republican
38085,0.8477777777777773,NORTH DAKOTA,ND,SIOUX,DEMOCRAT,1186.0,0.6779089376053963,DEMOCRAT,1232.0,0.6152597402597403,#030D97,both,6.264919734565599,Stayed Democrat
51175,0.8474733096085423,VIRGINIA,VA,SOUTHAMPTON,REPUBLICAN,9786.0,0.5855303494788473,REPUBLICAN,8878.0,0.5671322369903131,#970D03,both,1.839811248853418,Stayed Republican
45061,0.8470588235294099,SOUTH CAROLINA,SC,LEE,DEMOCRAT,8431.0,0.6320721148143755,DEMOCRAT,8156.0,0.6374448258950466,#030D97,both,-0.5372711080671055,Stayed Democrat
17051,0.844838709677419,ILLINOIS,IL,FAYETTE,REPUBLICAN,10056.0,0.8010143198090692,REPUBLICAN,9585.0,0.7691184141888368,#970D03,both,3.189590562023248,Stayed Republican
13207,0.8438327526132402,GEORGIA,GA,MONROE,REPUBLICAN,15592.0,0.7093381221139046,REPUBLICAN,12687.0,0.6961456609127453,#970D03,both,1.3192461201159245,Stayed Republican
38073,0.8434800000000006,NORTH DAKOTA,ND,RANSOM,REPUBLICAN,2454.0,0.5778321108394459,REPUBLICAN,2359.0,0.512929207291225,#970D03,both,6.490290354822081,Stayed Republican
28095,0.8433676975945013,MISSISSIPPI,MS,MONROE,REPUBLICAN,17259.0,0.6476041485601715,REPUBLICAN,15884.0,0.6400780659783429,#970D03,both,0.7526082581828519,Stayed Republican
22001,0.8430877192982449,LOUISIANA,LA,ACADIA,REPUBLICAN,28425.0,0.794934036939314,REPUBLICAN,27389.0,0.7726459527547556,#970D03,both,2.228808418455841,Stayed Republican
5121,0.8420640569395027,ARKANSAS,AR,RANDOLPH,REPUBLICAN,6812.0,0.7861127422196125,REPUBLICAN,6379.0,0.7068506035428751,#970D03,both,7.926213867673737,Stayed Republican
13137,0.8405714285714266,GEORGIA,GA,HABERSHAM,REPUBLICAN,20432.0,0.8142619420516837,REPUBLICAN,16243.0,0.8120421104475775,#970D03,both,0.2219831604106215,Stayed Republican
46085,0.8385211267605636,SOUTH DAKOTA,SD,LYMAN,REPUBLICAN,1597.0,0.6524733876017533,REPUBLICAN,1421.0,0.6875439831104856,#970D03,both,-3.507059550873226,Stayed Republican
48461,0.8378571428571423,TEXAS,TX,UPTON,REPUBLICAN,1368.0,0.8611111111111112,REPUBLICAN,1347.0,0.7475872308834447,#970D03,both,11.352388022766647,Stayed Republican
21001,0.837084870848708,KENTUCKY,KY,ADAIR,REPUBLICAN,8763.0,0.8303092548214082,REPUBLICAN,8233.0,0.8061459978136767,#970D03,both,2.4163257007731476,Stayed Republican
39121,0.8305617977528086,OHIO,OH,NOBLE,REPUBLICAN,6343.0,0.8095538388775028,REPUBLICAN,6013.0,0.756527523698653,#970D03,both,5.302631517884981,Stayed Republican
30091,0.8302197802197797,MONTANA,MT,SHERIDAN,REPUBLICAN,2030.0,0.6911330049261084,REPUBLICAN,1835.0,0.6762942779291553,#970D03,both,1.48387269969531,Stayed Republican
22025,0.8288501742160275,LOUISIANA,LA,CATAHOULA,REPUBLICAN,4858.0,0.7289007822149033,REPUBLICAN,4856.0,0.7164332784184514,#970D03,both,1.2467503796451895,Stayed Republican
19043,0.8280427046263341,IOWA,IA,CLAYTON,REPUBLICAN,9594.0,0.6377944548676256,REPUBLICAN,9129.0,0.5824296198926499,#970D03,both,5.53648349749758,Stayed Republican
13289,0.8254035087719298,GEORGIA,GA,TWIGGS,REPUBLICAN,4444.0,0.5333033303330333,REPUBLICAN,4059.0,0.5013550135501355,#970D03,both,3.194831678289789,Stayed Republican
13093,0.8253068592057758,GEORGIA,GA,DOOLY,REPUBLICAN,4105.0,0.5259439707673569,REPUBLICAN,3859.0,0.5055713915522156,#970D03,both,2.037257921514124,Stayed Republican
5021,0.8231851851851848,ARKANSAS,AR,CLAY,REPUBLICAN,5183.0,0.78834651746093,REPUBLICAN,5200.0,0.7271153846153846,#970D03,both,6.123113284554538,Stayed Republican
19051,0.8227530364372472,IOWA,IA,DAVIS,REPUBLICAN,4102.0,0.7398829839102876,REPUBLICAN,3882.0,0.7014425553838227,#970D03,both,3.84404285264649,Stayed Republican
5063,0.8212847222222217,ARKANSAS,AR,INDEPENDENCE,REPUBLICAN,14512.0,0.7752205071664829,REPUBLICAN,13614.0,0.7298369325694138,#970D03,both,4.53835745970691,Stayed Republican
19001,0.8194482758620687,IOWA,IA,ADAIR,REPUBLICAN,4177.0,0.6995451280823558,REPUBLICAN,3811.0,0.6457622671214904,#970D03,both,5.378286096086537,Stayed Republican
1013,0.819113475177302,ALABAMA,AL,BUTLER,REPUBLICAN,9488.0,0.5752529510961214,REPUBLICAN,8732.0,0.5612688960146587,#970D03,both,1.398405508146272,Stayed Republican
45039,0.8187972508591052,SOUTH CAROLINA,SC,FAIRFIELD,DEMOCRAT,12136.0,0.6082729070533949,DEMOCRAT,11267.0,0.6164018816011361,#030D97,both,-0.8128974547741197,Stayed Democrat
12121,0.8184285714285701,FLORIDA,FL,SUWANNEE,REPUBLICAN,21057.0,0.7793132924918079,REPUBLICAN,18694.0,0.7642559109874826,#970D03,both,1.505738150432534,Stayed Republican
46101,0.8181923076923073,SOUTH DAKOTA,SD,MOODY,REPUBLICAN,3206.0,0.6085464753587024,REPUBLICAN,2933.0,0.59018070235254,#970D03,both,1.8365773006162378,Stayed Republican
27023,0.8178125000000002,MINNESOTA,MN,CHIPPEWA,REPUBLICAN,6611.0,0.6428679473604598,REPUBLICAN,6222.0,0.6049501767920283,#970D03,both,3.7917770568431486,Stayed Republican
46119,0.8169318181818181,SOUTH DAKOTA,SD,SULLY,REPUBLICAN,930.0,0.7806451612903226,REPUBLICAN,861.0,0.7886178861788617,#970D03,both,-0.7972724888539173,Stayed Republican
48365,0.8153284671532846,TEXAS,TX,PANOLA,REPUBLICAN,11451.0,0.8144266876255349,REPUBLICAN,10416.0,0.8107718894009217,#970D03,both,0.36547982246132316,Stayed Republican
19107,0.8143010752688173,IOWA,IA,KEOKUK,REPUBLICAN,5303.0,0.718272675843862,REPUBLICAN,4985.0,0.6800401203610833,#970D03,both,3.8232555482778707,Stayed Republican
48387,0.809115384615384,TEXAS,TX,RED RIVER,REPUBLICAN,5806.0,0.7779882879779538,REPUBLICAN,5161.0,0.760705289672544,#970D03,both,1.7282998305409802,Stayed Republican
29073,0.8066181818181817,MISSOURI,MO,GASCONADE,REPUBLICAN,7923.0,0.7853085952290799,REPUBLICAN,7445.0,0.7615849563465413,#970D03,both,2.372363888253859,Stayed Republican
28127,0.804999999999999,MISSISSIPPI,MS,SIMPSON,REPUBLICAN,11815.0,0.6462124418112569,REPUBLICAN,11419.0,0.6474297223925037,#970D03,both,-0.12172805812468157,Stayed Republican
18125,0.8037878787878793,INDIANA,IN,PIKE,REPUBLICAN,6220.0,0.7543408360128617,REPUBLICAN,5977.0,0.7358206458089342,#970D03,both,1.8520190203927478,Stayed Republican
1011,0.7995373665480431,ALABAMA,AL,BULLOCK,DEMOCRAT,4613.0,0.7470192933015392,DEMOCRAT,4710.0,0.7494692144373672,#030D97,both,-0.24499211358280926,Stayed Democrat
31091,0.7970108695652174,NEBRASKA,NE,HOOKER,REPUBLICAN,442.0,0.8506787330316742,REPUBLICAN,417.0,0.8513189448441247,#970D03,both,-0.06402118124505529,Stayed Republican
31125,0.7963846153846157,NEBRASKA,NE,NANCE,REPUBLICAN,1828.0,0.7861050328227571,REPUBLICAN,1621.0,0.7779148673658236,#970D03,both,0.8190165456933518,Stayed Republican
28021,0.7958273381294974,MISSISSIPPI,MS,CLAIBORNE,DEMOCRAT,4449.0,0.8478309732524163,DEMOCRAT,4272.0,0.8679775280898876,#030D97,both,-2.0146554837471298,Stayed Democrat
19081,0.7945774647887325,IOWA,IA,HANCOCK,REPUBLICAN,6172.0,0.7130589760207389,REPUBLICAN,5871.0,0.6773973769374894,#970D03,both,3.5661599083249507,Stayed Republican
20025,0.7926877470355732,KANSAS,KS,CLARK,REPUBLICAN,1067.0,0.8472352389878163,REPUBLICAN,1005.0,0.8208955223880597,#970D03,both,2.6339716599756535,Stayed Republican
19105,0.7926714801444039,IOWA,IA,JONES,REPUBLICAN,10989.0,0.6002366002366002,REPUBLICAN,10133.0,0.5644922530346393,#970D03,both,3.5744347201960847,Stayed Republican
28085,0.7899999999999986,MISSISSIPPI,MS,LINCOLN,REPUBLICAN,16801.0,0.6901970120826141,REPUBLICAN,15193.0,0.6943987362601198,#970D03,both,-0.420172417750575,Stayed Republican
48311,0.7871929824561404,TEXAS,TX,MCMULLEN,REPUBLICAN,516.0,0.8914728682170543,REPUBLICAN,499.0,0.9098196392785571,#970D03,both,-1.8346771061502842,Stayed Republican
45027,0.7854703832752574,SOUTH CAROLINA,SC,CLARENDON,REPUBLICAN,16733.0,0.4996713081933903,DEMOCRAT,15395.0,0.5022409873335498,#AB5A68,both,-0.2569679140159542,To Republican
22127,0.7847163120567385,LOUISIANA,LA,WINN,REPUBLICAN,6225.0,0.7420080321285141,REPUBLICAN,6372.0,0.7231638418079096,#970D03,both,1.884419032060447,Stayed Republican
28079,0.7842657342657325,MISSISSIPPI,MS,LEAKE,REPUBLICAN,9200.0,0.5682608695652174,REPUBLICAN,8449.0,0.5659841401349273,#970D03,both,0.22767294302901142,Stayed Republican
13321,0.7842508710801408,GEORGIA,GA,WORTH,REPUBLICAN,9285.0,0.7355950457727517,REPUBLICAN,8295.0,0.7416515973477998,#970D03,both,-0.6056551575048141,Stayed Republican
29087,0.782681992337165,MISSOURI,MO,HOLT,REPUBLICAN,2343.0,0.8433632095603927,REPUBLICAN,2355.0,0.8178343949044586,#970D03,both,2.552881465593404,Stayed Republican
17035,0.7823208191126275,ILLINOIS,IL,CUMBERLAND,REPUBLICAN,5832.0,0.788923182441701,REPUBLICAN,5567.0,0.7555236213400395,#970D03,both,3.3399561101661535,Stayed Republican
18027,0.7817343173431757,INDIANA,IN,DAVIESS,REPUBLICAN,11954.0,0.8010707712899447,REPUBLICAN,10768.0,0.7935549777117384,#970D03,both,0.7515793578206309,Stayed Republican
22027,0.7796503496503482,LOUISIANA,LA,CLAIBORNE,REPUBLICAN,6580.0,0.5729483282674772,REPUBLICAN,6421.0,0.5583242485594144,#970D03,both,1.4624079708062787,Stayed Republican
27001,0.7777992277992282,MINNESOTA,MN,AITKIN,REPUBLICAN,10025.0,0.6242394014962593,REPUBLICAN,9231.0,0.5975517278734699,#970D03,both,2.6687673622789454,Stayed Republican
5137,0.777773851590105,ARKANSAS,AR,STONE,REPUBLICAN,5938.0,0.7773661165375547,REPUBLICAN,5618.0,0.7321110715557138,#970D03,both,4.525504498184096,Stayed Republican
20013,0.7774380165289255,KANSAS,KS,BROWN,REPUBLICAN,4471.0,0.7295906955938268,REPUBLICAN,4036.0,0.72001982160555,#970D03,both,0.9570873988276829,Stayed Republican
47055,0.7758844765342946,TENNESSEE,TN,GILES,REPUBLICAN,13203.0,0.7410437021888965,REPUBLICAN,11137.0,0.7156325760976924,#970D03,both,2.5411126091204106,Stayed Republican
5097,0.7757661290322592,ARKANSAS,AR,MONTGOMERY,REPUBLICAN,3873.0,0.7864704363542474,REPUBLICAN,3559.0,0.7426243326777184,#970D03,both,4.384610367652897,Stayed Republican
28069,0.773214285714286,MISSISSIPPI,MS,KEMPER,DEMOCRAT,4731.0,0.6102303952652716,DEMOCRAT,4639.0,0.6093985772795861,#030D97,both,0.08318179856854346,Stayed Democrat
46067,0.7727598566308244,SOUTH DAKOTA,SD,HUTCHINSON,REPUBLICAN,3767.0,0.7815237589593841,REPUBLICAN,3365.0,0.7479940564635958,#970D03,both,3.352970249578824,Stayed Republican
31149,0.7718324607329843,NEBRASKA,NE,ROCK,REPUBLICAN,841.0,0.8846611177170036,REPUBLICAN,798.0,0.8609022556390977,#970D03,both,2.3758862077905896,Stayed Republican
13161,0.7711851851851834,GEORGIA,GA,JEFF DAVIS,REPUBLICAN,5771.0,0.8135505111765725,REPUBLICAN,5096.0,0.8053375196232339,#970D03,both,0.8212991553338655,Stayed Republican
